,popularity,acousticness,danceability,duration_ms,energy,instrumentalness,liveness,loudness,speechiness,tempo,valence,genre
0,41,6.44E-01,0.823,2.37E+05,0.814,6.87E-01,0.117,-5.611,0.177,102.619,0.649,Jazz
1,62,8.55E-02,0.686,1.54E+05,0.67,0.00E+00,0.12,-7.626,0.225,173.915,0.636,Rap
2,42,2.39E-01,0.669,2.18E+05,0.736,1.69E-04,0.598,-3.223,0.06,145.061,0.494,Electronic
3,64,1.25E-02,0.522,2.46E+05,0.923,1.70E-02,0.085,-4.56,0.054,120.406,0.595,Rock
4,60,1.21E-01,0.78,2.29E+05,0.467,1.34E-04,0.314,-6.645,0.253,96.056,0.312,Rap
5,50,6.64E-02,0.419,2.71E+05,0.71,0.00E+00,0.097,-5.659,0.032,143.968,0.242,Alternative
6,62,1.98E-02,0.6,2.78E+05,0.912,6.52E-05,0.088,-3.449,0.072,110.339,0.506,Rock
7,70,8.23E-02,0.791,2.15E+05,0.759,4.44E-05,0.099,-5.67,0.037,124.725,0.917,Rock
8,61,6.08E-01,0.673,1.17E+05,0.349,0.00E+00,0.38,-12.414,0.037,124.451,0.609,Rock
9,71,3.14E-02,0.559,2.06E+05,0.882,1.71E-05,0.605,-4.281,0.157,126.064,0.634,Rock
10,39,9.70E-01,0.206,2.08E+05,0.116,9.59E-01,0.144,-23.543,0.046,114.943,0.038,Classical
11,67,5.31E-04,0.502,2.30E+05,0.685,1.61E-06,0.092,-5.847,0.028,81.978,0.574,Rock
12,53,3.51E-03,0.422,2.05E+05,0.953,1.03E-06,0.575,-5.927,0.123,152.009,0.2,Rock
13,29,6.84E-02,0.437,2.27E+05,0.722,8.48E-01,0.133,-8.987,0.046,139.077,0.192,Blues
14,52,3.86E-01,0.691,2.57E+05,0.551,1.15E-03,0.223,-8.984,0.039,93.979,0.654,Rock
15,65,1.71E-01,0.444,1.46E+05,0.943,6.59E-06,0.297,-3.724,0.104,125.896,0.411,Rock
16,39,3.51E-03,0.534,2.87E+05,0.653,2.05E-02,0.254,-7.358,0.031,155.693,0.434,Blues
17,52,1.78E-02,0.878,2.52E+05,0.651,0.00E+00,0.041,-8.074,0.252,92.028,0.102,Rap
18,23,1.90E-02,0.519,2.57E+05,0.875,0.00E+00,0.315,-4.542,0.041,104.04,0.546,Anime
19,67,2.38E-03,0.236,3.54E+05,0.84,2.04E-01,0.303,-3.454,0.057,129.19,0.189,Rock
20,48,7.87E-01,0.74,1.30E+05,0.565,0.00E+00,0.38,-9.483,0.054,113.713,0.844,Country
21,58,2.20E-01,0.704,2.38E+05,0.528,3.50E-01,0.14,-13.382,0.036,117.472,0.73,Rock
22,67,6.09E-02,0.648,2.42E+05,0.75,4.41E-06,0.104,-3.248,0.034,105.03,0.556,Rock
23,62,4.56E-04,0.519,1.91E+05,0.892,5.25E-04,0.572,-5.285,0.113,174.027,0.559,Rock
24,52,3.84E-03,0.544,2.10E+05,0.625,6.57E-03,0.089,-6.797,0.034,75.243,0.43,Rock
25,59,8.33E-01,0.471,2.67E+05,0.164,0.00E+00,0.101,-10.879,0.032,125.242,0.17,Rock
26,68,2.10E-02,0.424,2.55E+05,0.632,1.17E-02,0.054,-7.243,0.092,97.694,0.356,Rock
27,43,1.29E-02,0.616,2.07E+05,0.605,0.00E+00,0.112,-4.641,0.093,77.493,0.435,Alternative
28,64,7.66E-02,0.397,3.27E+05,0.499,1.55E-06,0.111,-10.972,0.069,171.067,0.367,Rock
29,32,4.65E-03,0.638,2.22E+05,0.587,9.09E-01,0.157,-6.266,0.041,145.036,0.323,Electronic
30,61,4.33E-02,0.596,1.85E+05,0.729,1.51E-01,0.135,-5.82,0.07,149.999,0.56,Rock
31,55,1.26E-01,0.779,2.17E+05,0.902,0.00E+00,0.242,-2.975,0.169,95.321,0.82,Rap
32,65,9.95E-04,0.602,2.62E+05,0.755,7.99E-02,0.412,-5.791,0.04,135.042,0.646,Rock
33,51,6.02E-01,0.658,1.41E+05,0.626,2.46E-06,0.682,-6.069,0.328,120.406,0.738,Hip-Hop
34,68,2.21E-01,0.588,2.78E+05,0.301,2.36E-03,0.128,-14.979,0.029,112.458,0.19,Rock
35,74,2.41E-02,0.469,3.83E+05,0.537,2.01E-03,0.269,-10.421,0.152,124.193,0.783,Rock
36,62,1.82E-02,0.378,3.40E+05,0.596,1.14E-05,0.144,-5.406,0.032,135.968,0.172,Rock
37,54,9.36E-01,0.696,1.31E+05,0.234,4.30E-05,0.114,-14.541,0.038,130.302,0.484,Jazz
38,65,5.27E-01,0.773,2.65E+05,0.794,3.54E-04,0.113,-4.954,0.033,101.143,0.907,Rock
39,51,3.16E-01,0.474,2.34E+05,0.508,0.00E+00,0.166,-6.845,0.024,77.31,0.358,Blues
40,53,3.64E-02,0.45,4.16E+05,0.341,2.84E-04,0.041,-14.218,0.033,118.782,0.366,Rock
41,50,5.55E-03,0.74,1.85E+05,0.497,0.00E+00,0.334,-5.309,0.152,147.026,0.067,Hip-Hop
42,33,8.40E-01,0.192,4.22E+05,0.007,8.44E-02,0.068,-37.783,0.046,79.046,0.07,Classical
43,0,9.28E-01,0.382,5.88E+05,0.161,5.59E-01,0.12,-19.09,0.053,93.319,0.266,Classical
44,62,3.16E-02,0.558,2.14E+05,0.896,0.00E+00,0.528,-3.687,0.054,90.064,0.63,Rock
45,25,1.06E-02,0.584,2.54E+05,0.925,8.57E-02,0.581,-4.09,0.164,127.984,0.053,Electronic
46,46,3.28E-02,0.569,2.05E+05,0.948,9.25E-01,0.093,-7.536,0.051,192.043,0.876,Electronic
47,53,2.16E-03,0.474,1.33E+05,0.994,1.26E-01,0.314,-1.884,0.103,171.433,0.847,Rap
48,39,1.56E-01,0.529,-1.00E+00,0.56,2.99E-02,0.155,-12.972,0.033,104.516,0.866,Country
49,34,4.41E-01,0.562,1.57E+05,0.728,3.33E-05,0.351,-9.14,0.098,78.205,0.731,Jazz
50,66,1.73E-01,0.589,2.13E+05,0.844,0.00E+00,0.076,-3.925,0.063,81.945,0.562,Rock
51,54,1.73E-02,0.575,2.46E+05,0.591,0.00E+00,0.173,-5.916,0.028,107.967,0.332,Rock
52,50,1.99E-03,0.612,2.06E+05,0.794,0.00E+00,0.078,-5.857,0.038,130.025,0.482,Rock
53,54,4.24E-01,0.669,2.69E+05,0.517,0.00E+00,0.155,-5.97,0.035,140.931,0.354,Rock
54,69,4.16E-02,0.341,2.56E+05,0.674,5.47E-06,0.345,-7.643,0.049,88.933,0.452,Rock
55,60,8.20E-02,0.803,2.47E+05,0.718,8.81E-04,0.079,-6.457,0.036,115.017,0.933,Rock
56,63,4.67E-04,0.617,2.55E+05,0.704,1.33E-05,0.326,-6.835,0.03,99.804,0.358,Rock
57,61,7.74E-02,0.486,1.99E+05,0.892,0.00E+00,0.053,-3.529,0.061,72.984,0.361,Rock
58,26,7.70E-01,0.81,1.53E+05,0.524,1.03E-05,0.161,-9.77,0.034,130.214,0.949,Blues
59,57,8.37E-02,0.498,1.76E+05,0.639,4.61E-05,0.194,-6.04,0.033,120.406,0.18,Rock
60,46,1.41E-01,0.612,3.17E+05,0.607,1.67E-01,0.104,-8.637,0.04,79.975,0.661,Electronic
61,23,1.46E-01,0.72,2.29E+05,0.425,1.08E-01,0.785,-14.148,0.71,129.929,0.548,Electronic
62,46,1.91E-03,0.504,2.52E+05,0.952,0.00E+00,0.699,-3.449,0.064,104.007,0.237,Alternative
63,30,8.06E-01,0.611,3.06E+05,0.67,9.13E-01,0.121,-9.736,0.03,95.109,0.706,Jazz
64,63,3.09E-01,0.635,2.24E+05,0.562,2.01E-06,0.11,-8.92,0.168,181.014,0.288,Hip-Hop
65,34,1.83E-02,0.544,-1.00E+00,0.784,1.72E-02,0.266,-5.031,0.061,168.364,0.462,Electronic
66,63,1.71E-01,0.348,1.84E+05,0.87,4.40E-06,0.202,-5.86,0.137,83.392,0.763,Country
67,37,2.66E-02,0.491,3.24E+05,0.943,0.00E+00,0.21,-3.046,0.035,92.483,0.396,Anime
68,11,9.29E-01,0.563,1.43E+05,0.252,6.11E-05,0.126,-10.691,0.029,111.721,0.079,Anime
69,63,3.22E-05,0.47,2.15E+05,0.885,1.96E-01,0.169,-7.224,0.035,138.153,0.79,Rock
70,79,5.70E-01,0.65,1.80E+05,0.306,7.07E-06,0.071,-9.443,0.039,118.068,0.605,Rock
71,61,7.40E-01,0.571,2.34E+05,0.281,0.00E+00,0.163,-10.56,0.048,142.263,0.294,Rock
72,53,9.17E-01,0.561,2.29E+05,0.252,0.00E+00,0.106,-9.448,0.035,144.226,0.346,Rock
73,53,2.52E-04,0.276,2.66E+05,0.883,4.62E-01,0.097,-5.625,0.045,164.052,0.164,Rock
74,45,1.26E-03,0.83,1.81E+05,0.868,1.10E-01,0.124,-4.223,0.159,149.95,0.702,Electronic
75,68,1.26E-01,0.497,1.88E+05,0.914,1.98E-05,0.274,-4.308,0.045,148.893,0.385,Rock
76,45,4.45E-01,0.715,1.97E+05,0.662,0.00E+00,0.081,-5.761,0.188,87.904,0.626,Jazz
77,62,6.00E-03,0.464,2.13E+05,0.797,3.04E-04,0.392,-5.244,0.033,129.964,0.547,Rock
78,57,4.02E-01,0.498,-1.00E+00,0.806,5.74E-06,0.525,-5.284,0.026,120.406,0.664,Rock
79,47,5.40E-02,0.482,-1.00E+00,0.627,2.99E-06,0.111,-5.779,0.03,95.903,0.17,Alternative
80,49,1.17E-02,0.562,2.84E+05,0.896,0.00E+00,0.322,-7.974,0.203,93.378,0.362,Alternative
81,63,1.62E-02,0.715,-1.00E+00,0.656,5.01E-04,0.088,-6.154,0.026,126.01,0.423,Rock
82,25,9.96E-01,0.36,1.98E+05,0.061,8.85E-01,0.11,-25.708,0.045,92.864,0.11,Classical
83,51,9.25E-03,0.6,2.01E+05,0.9,2.93E-01,0.269,-8.434,0.046,120.406,0.918,Rock
84,55,8.41E-02,0.306,3.85E+05,0.639,0.00E+00,0.371,-9.91,0.034,149.686,0.293,Rock
85,58,1.71E-01,0.518,3.03E+05,0.744,7.63E-06,0.109,-7.106,0.035,98.022,0.161,Rock
86,40,6.36E-04,0.384,1.80E+05,0.917,4.35E-05,0.409,-4.516,0.194,79.478,0.443,Blues
87,57,1.23E-01,0.749,2.38E+05,0.649,0.00E+00,0.371,-8.623,0.053,120.068,0.146,Hip-Hop
88,35,1.53E-02,0.55,2.06E+05,0.734,0.00E+00,0.2,-5.72,0.031,74.995,0.592,Country
89,60,4.85E-05,0.518,1.90E+05,0.718,2.44E-01,0.25,-4.355,0.034,127.593,0.531,Rock
90,37,6.78E-01,0.73,1.64E+05,0.43,1.99E-06,0.179,-8.232,0.043,123.472,0.572,Jazz
91,48,4.49E-01,0.667,1.50E+05,0.485,2.33E-06,0.072,-7.164,0.06,119.161,0.768,Jazz
92,57,7.35E-01,0.717,1.46E+05,0.373,0.00E+00,0.303,-7.185,0.061,138.513,0.538,Rock
93,51,1.51E-01,0.766,2.92E+05,0.681,8.68E-05,0.266,-6.919,0.057,141.94,0.853,Rock
94,51,2.24E-02,0.647,2.34E+05,0.69,0.00E+00,0.147,-8.657,0.045,117.514,0.682,Alternative
95,57,5.80E-01,0.518,-1.00E+00,0.417,0.00E+00,0.072,-13.268,0.033,120.406,0.311,Rock
96,63,3.84E-03,0.635,1.90E+05,0.908,8.34E-02,0.239,-4.795,0.056,110.012,0.637,Rock
97,54,2.29E-01,0.862,1.49E+05,0.598,3.04E-03,0.135,-6.667,0.061,141.934,0.561,Hip-Hop
98,69,4.56E-04,0.412,2.27E+05,0.92,2.60E-03,0.11,-4.852,0.058,93.162,0.455,Rock
99,13,8.26E-01,0.153,2.05E+05,0.359,8.88E-01,0.082,-17.719,0.038,83.894,0.313,Anime
100,53,2.58E-01,0.492,2.02E+05,0.724,1.62E-01,0.255,-6.79,0.033,84.237,0.323,Rock
101,35,4.37E-01,0.62,1.84E+05,0.611,2.88E-02,0.118,-10.708,0.028,93.119,0.689,Blues
102,64,5.07E-02,0.693,1.85E+05,0.563,2.10E-03,0.112,-8.553,0.068,155.962,0.618,Rap
103,64,2.63E-01,0.782,-1.00E+00,0.508,7.06E-02,0.157,-7.153,0.231,137.954,0.356,Hip-Hop
104,47,2.30E-01,0.622,1.96E+05,0.448,0.00E+00,0.102,-10.709,0.026,120.406,0.553,Alternative
105,37,1.92E-01,0.265,2.05E+05,0.641,9.52E-01,0.11,-6.854,0.033,186.004,0.167,Classical
106,51,2.73E-04,0.616,-1.00E+00,0.985,1.45E-04,0.111,-1.598,0.083,109.979,0.487,Rock
107,55,8.30E-01,0.387,-1.00E+00,0.194,1.45E-03,0.131,-10.829,0.031,121.7,0.086,Rock
108,57,9.29E-02,0.68,1.87E+05,0.798,0.00E+00,0.075,-4.978,0.116,116.989,0.594,Rock
109,53,9.03E-01,0.637,2.14E+05,0.129,0.00E+00,0.107,-11.89,0.041,139.742,0.368,Rock
110,58,1.44E-03,0.627,1.95E+05,0.63,1.90E-01,0.337,-12.33,0.04,125.154,0.323,Rock
111,55,1.60E-01,0.525,2.57E+05,0.501,2.50E-02,0.146,-14.192,0.032,108.291,0.333,Rock
112,59,1.22E-01,0.593,2.19E+05,0.601,5.69E-06,0.181,-5.996,0.029,120.406,0.531,Rock
113,73,2.32E-01,0.848,1.82E+05,0.649,0.00E+00,0.101,-6.083,0.315,118.04,0.629,Hip-Hop
114,27,7.02E-01,0.738,1.60E+05,0.411,8.60E-03,0.106,-8.988,0.051,76.005,0.651,Blues
115,59,2.05E-01,0.674,-1.00E+00,0.892,0.00E+00,0.694,-3.771,0.029,114.048,0.889,Rock
116,41,1.78E-01,0.7,2.27E+05,0.679,0.00E+00,0.079,-7.019,0.117,78.817,0.412,Country
117,48,1.31E-01,0.886,2.56E+05,0.503,6.92E-04,0.104,-7.189,0.044,120.406,0.55,Hip-Hop
118,56,2.98E-01,0.632,1.80E+05,0.742,0.00E+00,0.433,-7.041,0.085,160.037,0.657,Rap
119,71,2.72E-02,0.577,1.69E+05,0.939,0.00E+00,0.24,-1.352,0.108,105.092,0.714,Rock
120,52,1.50E-01,0.835,1.71E+05,0.873,0.00E+00,0.304,-4.052,0.247,122.019,0.833,Rap
121,44,7.10E-01,0.627,3.71E+05,0.496,8.31E-01,0.343,-11.866,0.04,95,0.08,Electronic
122,54,1.73E-01,0.811,2.51E+05,0.472,4.07E-01,0.097,-13.446,0.043,131.983,0.822,Rock
123,53,8.24E-03,0.502,2.12E+05,0.758,0.00E+00,0.102,-5.035,0.072,149.738,0.423,Rock
124,47,1.11E-01,0.69,2.68E+05,0.74,8.07E-01,0.09,-5.509,0.074,144.935,0.363,Electronic
125,63,3.50E-01,0.691,1.99E+05,0.336,6.84E-04,0.119,-10.843,0.039,135.954,0.613,Rock
126,64,1.65E-03,0.519,2.39E+05,0.78,2.14E-05,0.156,-4.939,0.036,145.125,0.166,Rock
127,47,3.24E-01,0.644,8.58E+04,0.722,8.92E-01,0.089,-4.872,0.079,89.519,0.769,Jazz
128,23,1.46E-01,0.744,1.62E+05,0.65,2.04E-01,0.224,-7.676,0.183,120.406,0.357,Electronic
129,25,3.98E-03,0.568,3.74E+05,0.587,7.40E-01,0.684,-11.238,0.033,128.008,0.038,Electronic
130,65,9.60E-02,0.643,2.49E+05,0.945,7.71E-06,0.495,-4.66,0.078,120.723,0.526,Rock
131,66,8.21E-04,0.389,1.90E+05,0.748,5.80E-04,0.358,-4.461,0.081,120.406,0.216,Rock
132,54,6.64E-03,0.496,3.16E+05,0.554,0.00E+00,0.111,-8.487,0.365,80,0.328,Rap
133,8,9.54E-01,0.084,1.62E+06,0.123,7.40E-01,0.711,-17.919,0.04,56.855,0.045,Classical
134,55,2.66E-01,0.707,2.22E+05,0.694,1.04E-06,0.283,-5.381,0.033,115.993,0.518,Rock
135,48,1.98E-01,0.741,1.95E+05,0.556,5.97E-02,0.126,-8.28,0.046,129.538,0.2,Hip-Hop
136,26,1.68E-01,0.291,5.42E+05,0.937,4.70E-01,0.86,-7.032,0.103,153.324,0.427,Blues
137,29,9.72E-01,0.154,4.50E+05,0.012,8.47E-01,0.071,-31.067,0.047,80.151,0.052,Classical
138,55,3.49E-01,0.446,2.46E+05,0.519,5.99E-03,0.249,-7.585,0.027,151.267,0.383,Country
139,53,1.33E-02,0.229,2.16E+05,0.871,2.18E-06,0.266,-4.558,0.103,86.965,0.395,Rock
140,30,9.15E-01,0.479,1.24E+05,0.217,8.16E-04,0.085,-11.499,0.029,74.864,0.364,Jazz
141,18,9.03E-01,0.477,-1.00E+00,0.221,8.52E-01,0.113,-20.078,0.033,128.154,0.198,Anime
142,28,4.22E-01,0.585,2.32E+05,0.726,2.35E-02,0.332,-12.614,0.055,126.105,0.884,Blues
143,51,4.24E-02,0.512,2.06E+05,0.552,2.13E-03,0.111,-9.499,0.035,143.977,0.21,Rock
144,48,3.34E-01,0.768,1.93E+05,0.766,0.00E+00,0.115,-3.697,0.089,129.985,0.676,Rap
145,73,2.49E-02,0.413,-1.00E+00,0.677,0.00E+00,0.079,-5.12,0.255,120.406,0.085,Hip-Hop
146,64,2.79E-01,0.723,2.98E+05,0.691,0.00E+00,0.036,-6.784,0.219,138.038,0.512,Hip-Hop
147,64,7.90E-01,0.727,1.34E+05,0.338,0.00E+00,0.105,-13.887,0.045,122.421,0.646,Rock
148,61,8.36E-01,0.33,1.87E+05,0.214,7.01E-02,0.178,-17.699,0.031,147.795,0.275,Rock
149,61,8.24E-02,0.571,2.26E+05,0.698,3.70E-03,0.279,-5.056,0.035,120.406,0.61,Rock
150,51,2.58E-02,0.445,-1.00E+00,0.882,8.08E-04,0.082,-4.979,0.109,144.28,0.573,Alternative
151,59,3.10E-02,0.513,2.43E+05,0.77,0.00E+00,0.198,-5.131,0.028,120.406,0.849,Rock
152,32,7.44E-04,0.471,2.29E+05,0.944,5.87E-04,0.193,-4.673,0.069,94.414,0.763,Blues
153,41,8.73E-02,0.364,1.88E+05,0.845,1.40E-06,0.084,-4.115,0.057,130.022,0.428,Blues
154,69,1.56E-02,0.711,2.49E+05,0.924,0.00E+00,0.114,-3.398,0.028,108.033,0.912,Rock
155,74,4.59E-02,0.655,-1.00E+00,0.835,0.00E+00,0.409,-3.451,0.059,91.035,0.165,Rap
156,52,1.52E-01,0.715,1.30E+05,0.684,0.00E+00,0.473,-8.138,0.549,89.963,0.767,Hip-Hop
157,33,9.33E-01,0.304,-1.00E+00,0.126,9.39E-01,0.124,-20.634,0.029,84.377,0.307,Jazz
158,57,1.64E-02,0.638,1.91E+05,0.682,1.09E-05,0.457,-3.798,0.053,142.977,0.206,Rock
159,58,1.07E-03,0.5,2.07E+05,0.836,4.03E-05,0.197,-6.165,0.045,90.011,0.41,Rock
160,24,6.33E-03,0.606,1.87E+05,0.8,9.04E-06,0.506,-4.194,0.027,130.006,0.691,Rock
161,63,1.29E-02,0.826,1.31E+05,0.914,0.00E+00,0.079,-2.925,0.266,93.532,0.687,Rap
162,61,1.74E-03,0.564,2.57E+05,0.941,6.42E-05,0.242,-4.787,0.051,112.008,0.542,Rock
163,63,4.14E-02,0.325,1.53E+05,0.872,0.00E+00,0.478,-2.535,0.101,199.842,0.744,Rock
164,65,7.23E-01,0.714,-1.00E+00,0.343,5.48E-06,0.102,-7.641,0.38,72.348,0.372,Rap
165,61,2.14E-02,0.426,2.72E+05,0.805,0.00E+00,0.095,-5.828,0.04,88.088,0.219,Rock
166,38,7.33E-01,0.54,-1.00E+00,0.37,9.32E-04,0.089,-12.017,0.046,88.36,0.208,Blues
167,34,3.23E-06,0.275,1.45E+05,0.958,9.59E-01,0.315,-9.171,0.041,99.993,0.727,Blues
168,46,1.29E-01,0.676,4.92E+05,0.352,2.83E-01,0.11,-10.239,0.035,121.438,0.492,Alternative
169,6,9.78E-01,0.239,7.09E+05,0.051,8.74E-01,0.101,-23.135,0.045,110.333,0.039,Classical
170,50,2.63E-03,0.884,2.29E+05,0.855,1.04E-03,0.05,-8.919,0.227,99.018,0.415,Rap
171,62,2.34E-02,0.628,2.11E+05,0.797,3.57E-06,0.112,-6.103,0.037,120.406,0.497,Rock
172,69,1.97E-03,0.352,-1.00E+00,0.912,0.00E+00,0.193,-4.253,0.072,166.795,0.351,Rock
173,63,1.05E-02,0.359,5.64E+05,0.762,2.81E-01,0.368,-8.323,0.032,89.259,0.167,Rock
174,62,1.29E-02,0.595,3.42E+05,0.804,1.97E-05,0.299,-7.911,0.033,89.846,0.586,Rock
175,48,1.85E-02,0.328,5.74E+05,0.479,6.82E-01,0.268,-13.336,0.031,119.596,0.057,Rock
176,52,2.97E-03,0.399,2.94E+05,0.925,7.99E-01,0.106,-5.45,0.038,176.009,0.145,Electronic
177,55,3.94E-03,0.507,2.08E+05,0.663,1.89E-04,0.13,-9.163,0.139,94.884,0.327,Rock
178,51,4.25E-01,0.436,1.55E+05,0.655,0.00E+00,0.393,-8.153,0.159,139.712,0.523,Alternative
179,55,1.78E-01,0.687,2.42E+05,0.651,8.79E-03,0.149,-6.696,0.025,119.937,0.514,Rock
180,55,6.51E-04,0.2,1.84E+05,0.863,0.00E+00,0.339,-3.424,0.063,93.977,0.468,Alternative
181,12,9.91E-01,0.254,1.07E+05,0.203,8.86E-01,0.313,-19.116,0.04,109.666,0.172,Classical
182,40,1.02E-01,0.558,1.97E+05,0.837,0.00E+00,0.065,-4.385,0.036,170.034,0.857,Country
183,60,6.48E-01,0.443,1.59E+05,0.489,4.24E-01,0.131,-6.932,0.035,124.031,0.052,Rock
184,63,7.88E-01,0.688,1.66E+05,0.711,2.64E-05,0.068,-10.453,0.083,152.277,0.935,Rock
185,57,1.26E-04,0.626,1.89E+05,0.791,2.19E-02,0.439,-2.734,0.072,133.204,0.433,Rock
186,62,9.04E-02,0.395,2.35E+05,0.538,4.53E-04,0.069,-10.3,0.046,150.785,0.369,Rock
187,54,5.93E-02,0.608,2.33E+05,0.863,0.00E+00,0.228,-4.87,0.131,150.029,0.476,Rap
188,59,3.86E-04,0.542,1.84E+05,0.939,3.85E-06,0.093,-4.166,0.082,129.983,0.256,Rock
189,58,6.69E-01,0.741,1.43E+05,0.363,0.00E+00,0.117,-12.484,0.034,123.263,0.859,Rock
190,56,8.50E-02,0.752,2.29E+05,0.619,0.00E+00,0.107,-8.156,0.086,120.406,0.386,Rap
191,57,7.86E-01,0.127,2.89E+05,0.335,4.27E-01,0.111,-8.298,0.033,77.078,0.069,Alternative
192,58,9.10E-03,0.668,3.00E+05,0.803,1.82E-03,0.571,-11.282,0.046,115.386,0.423,Rock
193,31,5.69E-01,0.449,2.50E+05,0.871,1.93E-06,0.401,-2.365,0.071,204.048,0.786,Anime
194,55,4.59E-01,0.657,2.11E+05,0.69,0.00E+00,0.122,-6.866,0.03,112.014,0.573,Rock
195,53,3.77E-04,0.138,2.58E+05,0.691,7.86E-01,0.089,-7.976,0.044,170.342,0.36,Rock
196,55,2.26E-02,0.448,2.25E+05,0.55,2.05E-01,0.043,-7.427,0.026,81.814,0.709,Rock
197,51,5.37E-03,0.507,2.31E+05,0.686,0.00E+00,0.124,-4.974,0.04,120.406,0.389,Rock
198,61,5.17E-01,0.668,2.29E+05,0.477,4.46E-01,0.139,-8.709,0.036,88.005,0.097,Rock
199,46,8.90E-01,0.42,2.13E+05,0.426,0.00E+00,0.919,-8.648,0.027,120.406,0.489,Country
200,53,5.60E-01,0.574,1.82E+05,0.563,9.39E-05,0.323,-8.543,0.029,134.083,0.67,Rock
201,65,2.18E-01,0.552,1.26E+05,0.742,0.00E+00,0.339,-7.963,0.045,138.591,0.751,Rock
202,54,1.41E-01,0.535,2.25E+05,0.803,0.00E+00,0.297,-4.116,0.046,147.902,0.342,Rock
203,23,3.77E-01,0.734,1.81E+05,0.676,2.21E-01,0.741,-7.273,0.04,94.518,0.907,Blues
204,53,3.58E-03,0.765,4.61E+05,0.397,7.15E-01,0.117,-10.538,0.036,123.89,0.15,Rock
205,75,1.44E-02,0.526,1.95E+05,0.862,5.97E-02,0.229,-6.003,0.09,90.052,0.528,Rock
206,36,9.14E-02,0.698,2.18E+05,0.921,0.00E+00,0.06,-4.091,0.039,120.406,0.685,Country
207,33,3.77E-01,0.519,-1.00E+00,0.374,0.00E+00,0.077,-8.878,0.027,111.336,0.422,Blues
208,54,2.57E-01,0.69,3.30E+05,0.877,0.00E+00,0.14,-4.074,0.264,92.165,0.779,Hip-Hop
209,59,1.90E-01,0.444,2.06E+05,0.56,0.00E+00,0.117,-5.179,0.027,172.224,0.34,Rock
210,56,9.93E-01,0.187,3.50E+05,0.009,9.34E-01,0.109,-31.231,0.036,67.144,0.038,Classical
211,43,9.89E-01,0.198,-1.00E+00,0.038,9.69E-01,0.17,-29.885,0.044,136.392,0.127,Classical
212,13,8.12E-01,0.615,1.09E+05,0.229,9.53E-01,0.165,-18.944,0.047,184.591,0.086,Anime
213,40,9.10E-01,0.412,1.98E+05,0.077,1.44E-03,0.113,-20.142,0.032,171.168,0.518,Country
214,51,3.78E-02,0.549,1.77E+05,0.888,7.22E-06,0.156,-3.68,0.029,104.976,0.386,Alternative
215,44,9.31E-01,0.221,1.84E+05,0.093,9.57E-01,0.076,-23.238,0.037,102.96,0.127,Classical
216,65,2.73E-01,0.535,1.85E+05,0.524,0.00E+00,0.08,-6.225,0.192,80.538,0.891,Rap
217,59,8.13E-04,0.653,3.10E+05,0.708,1.97E-02,0.076,-9.367,0.026,100.698,0.891,Alternative
218,53,2.22E-01,0.474,3.53E+05,0.382,1.95E-02,0.149,-13.291,0.025,80.8,0.69,Rock
219,50,1.01E-01,0.53,2.32E+05,0.504,6.33E-04,0.106,-6.71,0.025,120.406,0.56,Country
220,47,2.19E-03,0.605,2.44E+05,0.789,1.78E-02,0.127,-7.035,0.034,136.041,0.434,Alternative
221,47,8.03E-01,0.193,2.51E+05,0.007,2.08E-01,0.098,-33.602,0.044,94.681,0.037,Classical
222,62,1.98E-04,0.39,1.77E+05,0.91,0.00E+00,0.156,-3.268,0.133,162.253,0.644,Rock
223,37,1.06E-02,0.204,1.37E+05,0.104,8.28E-01,0.136,-21.608,0.046,68.323,0.032,Classical
224,49,8.21E-04,0.343,2.17E+05,0.89,0.00E+00,0.091,-5.759,0.066,100.061,0.525,Rock
225,28,3.57E-02,0.455,2.26E+05,0.951,6.14E-04,0.389,-2.365,0.109,131.814,0.383,Anime
226,67,2.66E-01,0.328,1.81E+05,0.619,1.95E-06,0.178,-7.136,0.282,67.153,0.405,Rap
227,54,4.54E-01,0.385,1.30E+05,0.791,0.00E+00,0.075,-2.647,0.095,194.638,0.764,Rock
228,36,1.39E-01,0.635,2.49E+05,0.476,5.97E-05,0.103,-10.441,0.072,88.053,0.522,Blues
229,61,2.10E-01,0.494,1.80E+05,0.47,0.00E+00,0.28,-9.599,0.03,103.477,0.698,Rock
230,48,6.68E-01,0.54,3.50E+05,0.48,4.68E-02,0.599,-10.737,0.035,86.054,0.243,Jazz
231,44,8.88E-01,0.37,1.95E+05,0.471,3.00E-03,0.103,-10.544,0.037,146.322,0.373,Classical
232,54,5.64E-04,0.635,3.25E+05,0.756,8.68E-01,0.11,-9.421,0.038,129.998,0.106,Electronic
233,47,5.20E-01,0.561,1.85E+05,0.715,0.00E+00,0.119,-6.344,0.042,153.956,0.453,Rock
234,53,2.48E-02,0.574,1.82E+05,0.701,3.12E-05,0.313,-6.038,0.057,145.069,0.25,Rock
235,73,2.43E-04,0.431,-1.00E+00,0.914,9.60E-03,0.502,-4.243,0.062,147.108,0.534,Rock
236,59,7.58E-03,0.64,2.27E+05,0.469,4.53E-04,0.071,-8.718,0.041,90.001,0.305,Rock
237,36,8.47E-01,0.465,1.31E+05,0.431,0.00E+00,0.36,-10.847,0.03,93.981,0.74,Blues
238,53,5.91E-03,0.465,-1.00E+00,0.812,4.94E-04,0.408,-6.398,0.047,146.2,0.811,Rock
239,30,8.32E-01,0.184,3.29E+05,0.092,9.40E-01,0.112,-17.91,0.041,127.207,0.033,Jazz
240,30,7.01E-03,0.442,3.98E+05,0.566,1.49E-01,0.129,-10.696,0.062,97.643,0.51,Blues
241,16,8.83E-03,0.438,2.99E+05,0.979,2.56E-01,0.169,-6.269,0.408,152.978,0.126,Anime
242,55,4.79E-01,0.345,2.60E+05,0.461,1.84E-02,0.099,-12.063,0.065,96.346,0.171,Rock
243,51,3.50E-02,0.352,-1.00E+00,0.808,0.00E+00,0.991,-8.097,0.043,162.096,0.485,Rock
244,53,7.44E-01,0.257,2.34E+05,0.452,9.96E-02,0.38,-12.365,0.035,120.406,0.271,Rock
245,30,7.47E-01,0.216,2.12E+05,0.389,9.04E-01,0.513,-11.301,0.038,163.163,0.155,Jazz
246,63,2.85E-02,0.599,1.80E+05,0.931,0.00E+00,0.102,-3.662,0.052,111.012,0.788,Rock
247,16,2.46E-02,0.545,2.25E+05,0.917,0.00E+00,0.307,-2.839,0.035,132.93,0.651,Anime
248,33,9.38E-03,0.473,2.14E+05,0.802,1.41E-03,0.392,-4.966,0.032,120.406,0.661,Rock
249,55,1.28E-01,0.534,2.96E+05,0.663,3.63E-05,0.431,-5.48,0.029,141.525,0.573,Rock
250,51,4.83E-02,0.498,2.27E+05,0.68,0.00E+00,0.169,-5.34,0.033,160.043,0.695,Rock
251,80,3.81E-01,0.642,1.95E+05,0.782,0.00E+00,0.108,-3.395,0.048,162.005,0.396,Hip-Hop
252,39,8.72E-01,0.121,5.00E+05,0.27,7.46E-01,0.176,-13.276,0.042,71.806,0.035,Jazz
253,58,4.90E-02,0.477,-1.00E+00,0.672,0.00E+00,0.355,-5.234,0.031,139.864,0.263,Rock
254,47,4.74E-01,0.782,-1.00E+00,0.791,1.20E-03,0.056,-6.321,0.038,99.992,0.819,Jazz
255,61,6.98E-01,0.285,2.38E+05,0.371,3.92E-03,0.104,-6.833,0.029,154.989,0.372,Rock
256,70,2.72E-01,0.47,-1.00E+00,0.809,6.71E-03,0.049,-6.74,0.05,151.836,0.49,Rock
257,30,2.23E-01,0.637,2.25E+05,0.831,4.02E-01,0.114,-6.372,0.03,90.008,0.533,Jazz
258,66,1.65E-01,0.589,-1.00E+00,0.603,0.00E+00,0.069,-5.517,0.043,76.874,0.456,Rock
259,21,6.14E-01,0.717,9.00E+04,0.433,7.64E-01,0.108,-10.354,0.146,80.038,0.546,Electronic
260,64,1.70E-01,0.505,-1.00E+00,0.837,0.00E+00,0.113,-5.146,0.036,140.066,0.623,Rock
261,70,4.04E-01,0.629,-1.00E+00,0.601,0.00E+00,0.058,-7.508,0.309,199.921,0.612,Hip-Hop
262,44,5.97E-01,0.669,1.92E+05,0.699,3.09E-05,0.2,-6.882,0.058,92.006,0.368,Alternative
263,41,9.62E-01,0.683,1.92E+05,0.094,7.62E-01,0.119,-20.776,0.052,123.967,0.403,Jazz
264,42,7.98E-03,0.672,5.22E+05,0.688,8.61E-01,0.194,-9.605,0.037,127.003,0.808,Electronic
265,34,2.67E-02,0.519,4.09E+05,0.482,7.87E-03,0.337,-6.85,0.03,125.844,0.152,Blues
266,58,1.07E-02,0.434,2.01E+05,0.75,0.00E+00,0.106,-3.53,0.029,159.824,0.488,Rock
267,52,3.72E-03,0.326,2.11E+05,0.935,7.55E-06,0.302,-5.69,0.07,135.762,0.17,Alternative
268,56,2.27E-03,0.56,2.19E+05,0.688,0.00E+00,0.06,-4.437,0.056,76.997,0.611,Rock
269,55,3.24E-01,0.705,1.91E+05,0.813,0.00E+00,0.347,-4.522,0.116,120.406,0.843,Rock
270,60,8.47E-02,0.407,3.49E+05,0.424,0.00E+00,0.234,-10.583,0.032,113.311,0.404,Rock
271,54,2.29E-03,0.547,2.26E+05,0.932,0.00E+00,0.335,-5.237,0.097,134.981,0.513,Rock
272,75,5.82E-01,0.651,2.03E+05,0.708,0.00E+00,0.08,-4.791,0.038,119.964,0.558,Rock
273,57,7.32E-01,0.48,-1.00E+00,0.298,2.95E-03,0.1,-13.477,0.036,128.022,0.056,Rock
274,60,3.16E-01,0.68,-1.00E+00,0.701,4.72E-06,0.111,-10.36,0.036,108.287,0.933,Rock
275,55,1.37E-01,0.622,2.22E+05,0.519,0.00E+00,0.095,-7.971,0.027,90.082,0.496,Country
276,61,9.87E-03,0.678,2.68E+05,0.53,2.74E-04,0.044,-8.515,0.024,91.779,0.678,Rock
277,76,3.86E-01,0.49,1.46E+05,0.715,0.00E+00,0.311,-5.549,0.048,130.726,0.866,Rock
278,41,8.85E-01,0.454,2.65E+05,0.206,1.08E-04,0.067,-14.855,0.033,167.169,0.336,Blues
279,70,5.68E-03,0.441,-1.00E+00,0.762,3.31E-05,0.086,-3.857,0.044,167.964,0.743,Rock
280,41,2.82E-02,0.61,2.24E+05,0.774,0.00E+00,0.111,-5.159,0.029,82.993,0.695,Country
281,64,2.17E-02,0.858,2.48E+05,0.76,0.00E+00,0.322,-7.895,0.254,93.082,0.951,Hip-Hop
282,64,3.47E-01,0.669,2.76E+05,0.707,7.16E-04,0.1,-13.66,0.048,124.335,0.806,Rock
283,21,1.22E-01,0.866,2.96E+05,0.637,0.00E+00,0.073,-6.563,0.029,95.509,0.9,Blues
284,55,6.74E-02,0.432,-1.00E+00,0.612,1.34E-06,0.111,-6.871,0.029,89.995,0.113,Rock
285,58,1.30E-01,0.839,-1.00E+00,0.888,3.76E-04,0.116,-4.181,0.116,115.005,0.6,Hip-Hop
286,68,1.07E-03,0.46,-1.00E+00,0.796,0.00E+00,0.106,-4.501,0.033,100.011,0.182,Rock
287,42,1.46E-05,0.433,2.31E+05,0.943,3.14E-02,0.222,-4.483,0.067,96.006,0.262,Classical
288,42,1.28E-04,0.442,2.91E+05,0.793,3.05E-04,0.227,-5.465,0.029,149.958,0.313,Alternative
289,51,6.14E-04,0.411,3.23E+05,0.768,8.59E-03,0.134,-4.21,0.056,134.408,0.672,Alternative
290,34,5.51E-01,0.301,2.60E+05,0.739,3.86E-05,0.11,-7.615,0.043,90.96,0.595,Blues
291,71,4.14E-02,0.686,2.90E+05,0.428,0.00E+00,0.138,-13.072,0.192,141.95,0.329,Hip-Hop
292,44,2.54E-04,0.378,2.87E+05,0.919,8.99E-01,0.61,-6.234,0.049,93.045,0.205,Jazz
293,57,1.23E-01,0.749,2.38E+05,0.649,0.00E+00,0.371,-8.623,0.053,120.068,0.146,Rap
294,63,6.90E-02,0.48,1.64E+05,0.969,2.20E-04,0.061,-7.464,0.085,142.489,0.494,Rock
295,76,1.94E-01,0.657,2.67E+05,0.629,0.00E+00,0.254,-4.938,0.078,93.985,0.726,Hip-Hop
296,44,3.54E-04,0.272,2.04E+05,0.908,3.62E-02,0.18,-7.928,0.103,160.913,0.38,Alternative
297,59,8.19E-01,0.64,2.27E+05,0.196,3.63E-05,0.098,-11.478,0.027,143.919,0.301,Rock
298,62,1.75E-02,0.409,2.21E+05,0.761,0.00E+00,0.114,-4.514,0.031,155.901,0.271,Rock
299,53,3.55E-02,0.327,2.08E+05,0.948,5.15E-01,0.126,-4.355,0.071,177.328,0.469,Rock
300,72,5.36E-01,0.562,3.75E+05,0.544,0.00E+00,0.17,-5.065,0.369,159.517,0.231,Hip-Hop
301,52,1.17E-02,0.665,4.14E+05,0.991,3.92E-03,0.339,-6.725,0.256,152.596,0.068,Electronic
302,33,7.31E-02,0.654,1.48E+05,0.726,8.91E-01,0.243,-5.491,0.035,90.969,0.56,Electronic
303,64,2.98E-01,0.541,1.60E+05,0.608,0.00E+00,0.234,-13.083,0.106,171.992,0.938,Rock
304,55,2.71E-01,0.421,2.63E+05,0.633,0.00E+00,0.113,-6.837,0.043,155.715,0.161,Rock
305,58,5.22E-01,0.48,2.25E+05,0.5,0.00E+00,0.193,-6.202,0.028,149.957,0.41,Rock
306,59,1.85E-02,0.656,2.49E+05,0.721,0.00E+00,0.048,-5.675,0.032,93.947,0.472,Rock
307,52,1.01E-03,0.565,2.14E+05,0.905,0.00E+00,0.325,-3.575,0.057,126.011,0.684,Rock
308,56,6.51E-01,0.665,2.86E+05,0.37,3.15E-04,0.073,-16.651,0.035,122.997,0.519,Country
309,50,1.27E-03,0.41,1.83E+05,0.979,1.25E-02,0.355,-5.021,0.106,146.741,0.478,Rock
310,44,2.04E-01,0.674,2.47E+05,0.67,0.00E+00,0.289,-6.457,0.061,143.948,0.371,Country
311,71,3.11E-02,0.654,2.12E+05,0.726,6.35E-05,0.062,-3.803,0.04,103.987,0.728,Rock
312,54,5.17E-01,0.589,2.18E+05,0.616,9.33E-06,0.123,-3.401,0.099,83.937,0.305,Hip-Hop
313,27,6.65E-01,0.327,-1.00E+00,0.132,8.32E-01,0.249,-17.153,0.041,120.406,0.216,Classical
314,54,5.03E-01,0.22,4.19E+05,0.44,8.62E-01,0.12,-9.456,0.035,79.095,0.13,Rock
315,62,5.73E-01,0.588,2.21E+05,0.382,3.31E-05,0.112,-8.821,0.036,95.239,0.72,Rock
316,53,1.64E-01,0.552,2.96E+05,0.802,1.14E-03,0.13,-7.479,0.04,152.807,0.631,Rock
317,50,1.93E-02,0.407,2.06E+05,0.821,2.06E-06,0.36,-4.987,0.066,99.814,0.61,Rock
318,53,7.46E-01,0.561,2.26E+05,0.891,0.00E+00,0.109,-4.771,0.305,91.316,0.69,Hip-Hop
319,60,5.53E-02,0.568,2.47E+05,0.871,5.10E-01,0.303,-3.453,0.031,119.99,0.374,Rock
320,59,4.57E-03,0.597,1.83E+05,0.733,1.91E-03,0.501,-4.727,0.11,87.479,0.866,Rock
321,68,1.82E-01,0.661,2.66E+05,0.818,9.95E-04,0.053,-5.9,0.029,147.544,0.79,Rock
322,65,2.07E-02,0.665,1.93E+05,0.973,8.39E-01,0.038,-2.112,0.26,160.018,0.135,Electronic
323,62,8.12E-02,0.56,2.31E+05,0.798,1.54E-06,0.327,-6.672,0.032,124.397,0.675,Rock
324,50,1.25E-02,0.264,2.88E+05,0.875,2.40E-01,0.092,-3.371,0.054,120.406,0.232,Rock
325,44,9.24E-01,0.425,-1.00E+00,0.314,1.24E-02,0.129,-9.072,0.031,73.69,0.311,Country
326,72,5.64E-01,0.492,1.64E+05,0.712,9.10E-05,0.357,-7.278,0.691,137.453,0.23,Rap
327,74,7.64E-02,0.686,2.01E+05,0.783,0.00E+00,0.163,-4.977,0.119,120.406,0.814,Rock
328,55,2.87E-01,0.677,2.37E+05,0.45,1.85E-03,0.099,-9.352,0.033,119.912,0.432,Rock
329,64,7.95E-01,0.631,1.89E+05,0.354,1.07E-04,0.088,-11.112,0.031,73.007,0.522,Blues
330,63,1.52E-03,0.648,2.78E+05,0.622,5.97E-05,0.109,-6.063,0.043,88.684,0.51,Hip-Hop
331,53,3.88E-03,0.615,2.80E+05,0.889,0.00E+00,0.095,-2.539,0.037,131.96,0.659,Rock
332,35,7.21E-03,0.551,6.68E+05,0.531,8.68E-04,0.135,-9.054,0.05,82.36,0.546,Blues
333,66,2.38E-02,0.63,1.89E+05,0.908,5.92E-01,0.116,-2.42,0.033,120.522,0.968,Rock
334,55,5.60E-03,0.577,2.01E+05,0.934,0.00E+00,0.048,-3.999,0.128,137.003,0.54,Rock
335,66,2.19E-02,0.733,2.27E+05,0.66,0.00E+00,0.151,-6.87,0.044,138.034,0.259,Rap
336,53,2.42E-04,0.346,1.86E+05,0.75,1.19E-02,0.271,-6.619,0.103,165.036,0.667,Rock
337,60,1.30E-01,0.872,2.47E+05,0.679,7.46E-03,0.323,-10.026,0.156,120.406,0.948,Rock
338,64,4.12E-01,0.652,1.64E+05,0.583,0.00E+00,0.119,-7.811,0.038,120.406,0.744,Rock
339,64,2.63E-02,0.54,1.88E+05,0.78,7.12E-06,0.35,-5.872,0.042,144.011,0.514,Rock
340,38,8.82E-02,0.455,3.95E+05,0.57,1.18E-04,0.246,-10.118,0.049,122.83,0.668,Blues
341,72,9.09E-01,0.643,2.51E+05,0.344,1.12E-02,0.106,-11.342,0.035,144.171,0.547,Rock
342,19,1.05E-01,0.511,1.48E+05,0.352,7.88E-01,0.217,-13.681,0.035,84.439,0.204,Anime
343,34,9.81E-01,0.142,2.75E+05,0.053,9.69E-01,0.071,-26.037,0.04,120.406,0.036,Classical
344,63,9.15E-02,0.546,2.05E+05,0.786,8.67E-05,0.168,-5.06,0.04,126.003,0.679,Rock
345,49,2.69E-02,0.704,-1.00E+00,0.589,1.10E-01,0.154,-12.859,0.032,128.807,0.789,Rock
346,40,4.23E-01,0.312,3.89E+05,0.379,4.13E-03,0.951,-9.93,0.031,105.734,0.285,Country
347,49,3.20E-01,0.601,2.30E+05,0.558,3.75E-01,0.073,-8.353,0.044,92.948,0.416,Electronic
348,42,4.58E-01,0.368,-1.00E+00,0.395,3.66E-05,0.14,-14.067,0.03,101.564,0.466,Blues
349,56,1.34E-03,0.684,2.16E+05,0.992,0.00E+00,0.878,-1.893,0.075,133.963,0.757,Rock
350,57,1.30E-04,0.358,2.42E+05,0.92,1.18E-02,0.076,-2.843,0.218,99.919,0.493,Rock
351,30,3.31E-01,0.779,-1.00E+00,0.769,1.43E-06,0.076,-5.78,0.038,127.96,0.941,Anime
352,53,2.77E-03,0.612,2.43E+05,0.666,0.00E+00,0.286,-5.866,0.032,120.048,0.353,Rock
353,25,1.66E-02,0.376,2.55E+05,0.3,8.42E-04,0.483,-5.861,0.03,99.677,0.277,Anime
354,51,4.97E-01,0.74,2.20E+05,0.816,0.00E+00,0.195,-4.764,0.076,91.91,0.963,Rock
355,48,5.99E-03,0.644,1.94E+05,0.913,6.02E-01,0.311,-3.04,0.032,100.014,0.574,Rock
356,55,1.21E-01,0.625,2.19E+05,0.826,0.00E+00,0.158,-5.037,0.033,99.919,0.699,Rock
357,42,7.73E-05,0.422,2.87E+05,0.879,4.84E-02,0.329,-5.238,0.101,180.05,0.196,Classical
358,71,3.32E-04,0.305,2.07E+05,0.832,2.40E-05,0.091,-7.981,0.04,100.677,0.585,Rock
359,55,2.38E-01,0.593,2.05E+05,0.41,5.87E-01,0.117,-9.722,0.024,120.406,0.27,Rock
360,65,5.66E-01,0.368,-1.00E+00,0.575,0.00E+00,0.116,-5.1,0.044,197.639,0.294,Rock
361,57,4.24E-02,0.629,2.44E+05,0.69,0.00E+00,0.363,-4.894,0.036,102.036,0.307,Rock
362,67,1.75E-01,0.386,3.63E+05,0.562,9.17E-06,0.209,-4.363,0.03,72.945,0.228,Rock
363,31,5.40E-01,0.862,3.47E+05,0.412,0.00E+00,0.061,-4.877,0.045,99.964,0.614,Blues
364,72,4.22E-02,0.487,2.61E+05,0.382,4.74E-06,0.411,-10.889,0.031,116.557,0.714,Rock
365,65,5.21E-02,0.829,-1.00E+00,0.844,1.48E-03,0.171,-4.329,0.097,130.04,0.762,Rock
366,40,1.68E-01,0.568,3.69E+05,0.33,5.46E-01,0.807,-16.029,0.026,106.142,0.297,Electronic
367,39,6.72E-04,0.56,2.19E+05,0.87,1.09E-01,0.129,-3.492,0.052,160.044,0.345,Electronic
368,23,1.36E-04,0.475,2.72E+05,0.822,0.00E+00,0.106,-4.06,0.068,134.776,0.279,Anime
369,66,4.44E-01,0.579,2.46E+05,0.605,6.45E-04,0.11,-6.686,0.033,121.793,0.74,Rock
370,53,6.98E-02,0.757,1.92E+05,0.72,1.45E-05,0.112,-5.644,0.043,121.968,0.96,Rock
371,49,2.69E-01,0.694,2.99E+05,0.895,4.17E-06,0.4,-3.258,0.335,167.974,0.779,Hip-Hop
372,69,6.44E-01,0.561,2.67E+05,0.337,8.79E-05,0.67,-9.272,0.028,109.373,0.273,Rock
373,59,1.06E-03,0.582,-1.00E+00,0.765,5.06E-02,0.344,-6.544,0.038,128.164,0.528,Rock
374,52,2.49E-02,0.494,2.57E+05,0.836,0.00E+00,0.457,-4.327,0.053,142.56,0.627,Rock
375,48,1.04E-03,0.507,1.83E+05,0.959,0.00E+00,0.147,-4.763,0.118,165.136,0.436,Rock
376,52,1.32E-02,0.624,2.46E+05,0.684,0.00E+00,0.113,-4.745,0.31,164.07,0.255,Rap
377,60,1.04E-05,0.545,2.10E+05,0.836,1.29E-04,0.413,-4.029,0.028,105.925,0.449,Rock
378,56,8.32E-02,0.392,2.69E+05,0.835,9.82E-03,0.077,-6.553,0.06,144.641,0.12,Rock
379,70,6.66E-03,0.494,1.75E+05,0.939,0.00E+00,0.139,-3.127,0.126,177.751,0.893,Alternative
380,50,3.28E-03,0.522,1.41E+05,0.889,0.00E+00,0.345,-4.137,0.046,144.499,0.852,Rock
381,35,6.12E-04,0.292,3.02E+05,0.97,4.03E-01,0.308,-3.615,0.132,109.8,0.351,Jazz
382,37,9.04E-01,0.547,3.74E+05,0.116,8.48E-01,0.107,-21.946,0.035,105.115,0.344,Jazz
383,54,8.87E-02,0.626,2.61E+05,0.691,9.63E-05,0.115,-5.873,0.028,109.005,0.396,Rock
384,68,1.25E-02,0.426,1.67E+05,0.894,4.10E-04,0.187,-6.699,0.174,108.725,0.63,Alternative
385,57,8.64E-03,0.509,2.38E+05,0.935,1.17E-06,0.255,-3.633,0.049,148.062,0.501,Rock
386,59,4.08E-01,0.888,2.37E+05,0.687,0.00E+00,0.061,-7.744,0.107,115.034,0.432,Electronic
387,66,1.32E-01,0.615,2.51E+05,0.582,3.81E-05,0.119,-10.323,0.04,82.532,0.789,Rock
388,66,4.45E-01,0.661,1.80E+05,0.785,2.66E-04,0.085,-5.623,0.037,91.975,0.371,Rock
389,61,6.69E-03,0.6,2.57E+05,0.614,0.00E+00,0.166,-4.688,0.088,121.965,0.341,Rock
390,49,4.97E-03,0.42,2.81E+05,0.635,1.46E-04,0.139,-5.565,0.031,165.983,0.206,Country
391,60,7.58E-01,0.35,-1.00E+00,0.293,8.21E-06,0.104,-9.502,0.026,96.685,0.162,Rock
392,28,8.20E-02,0.291,2.11E+05,0.948,1.17E-02,0.968,-4.517,0.101,161.473,0.577,Blues
393,62,3.26E-04,0.499,2.05E+05,0.958,2.19E-06,0.432,-5.417,0.09,127.491,0.359,Rock
394,65,4.92E-01,0.761,1.89E+05,0.592,6.26E-03,0.61,-9.836,0.059,123.095,0.332,Rock
395,53,9.73E-01,0.107,3.45E+05,0.289,9.34E-01,0.081,-16.15,0.034,77.787,0.036,Rock
396,58,5.95E-01,0.503,1.66E+05,0.772,2.47E-06,0.199,-6.205,0.032,79.462,0.935,Rock
397,48,4.95E-01,0.95,1.90E+05,0.343,0.00E+00,0.081,-9.418,0.508,124.051,0.564,Hip-Hop
398,48,9.51E-01,0.498,1.94E+05,0.097,0.00E+00,0.105,-16.482,0.043,144.077,0.39,Country
399,62,4.53E-01,0.508,2.13E+05,0.493,0.00E+00,0.241,-8.786,0.033,127.671,0.467,Rock
400,36,4.20E-01,0.52,5.76E+05,0.479,7.79E-01,0.094,-8.389,0.028,90.011,0.169,Electronic
401,59,1.33E-01,0.445,2.27E+05,0.771,0.00E+00,0.273,-4.607,0.05,147.913,0.448,Rock
402,58,3.35E-01,0.792,2.31E+05,0.808,0.00E+00,0.269,-4.156,0.096,92.064,0.709,Rap
403,62,3.26E-01,0.515,2.87E+05,0.505,0.00E+00,0.102,-5.606,0.029,150.063,0.538,Hip-Hop
404,56,3.80E-02,0.364,2.61E+05,0.46,1.31E-03,0.535,-8.298,0.043,93.129,0.068,Rock
405,50,2.29E-01,0.314,2.41E+05,0.483,2.69E-02,0.564,-8.365,0.035,145.047,0.348,Rock
406,56,9.84E-02,0.396,1.97E+05,0.671,0.00E+00,0.084,-6.953,0.035,120.406,0.257,Rock
407,41,5.78E-01,0.611,-1.00E+00,0.425,1.53E-05,0.06,-11.332,0.047,120.15,0.654,Jazz
408,66,1.73E-01,0.68,1.91E+05,0.738,3.60E-04,0.37,-4.881,0.033,105.015,0.675,Rock
409,28,2.98E-02,0.489,2.42E+05,0.746,2.10E-01,0.1,-7.073,0.043,166.597,0.866,Blues
410,63,8.41E-04,0.65,2.26E+05,0.903,3.51E-04,0.122,-3.677,0.031,121.896,0.409,Rock
411,30,1.12E-01,0.394,3.26E+05,0.348,2.57E-02,0.294,-10.197,0.036,127.543,0.538,Blues
412,59,3.95E-01,0.439,-1.00E+00,0.469,5.73E-01,0.183,-9.283,0.031,127.44,0.193,Rock
413,67,3.12E-02,0.669,2.45E+05,0.914,8.92E-05,0.048,-3.834,0.107,97.021,0.855,Rock
414,52,6.14E-03,0.515,2.60E+05,0.912,1.77E-01,0.157,-8.547,0.069,107.131,0.596,Rock
415,56,1.93E-02,0.614,3.24E+05,0.677,5.18E-01,0.108,-8.317,0.032,126.477,0.717,Rock
416,46,7.64E-03,0.377,2.60E+05,0.903,9.74E-05,0.109,-6.423,0.074,195.909,0.353,Alternative
417,50,5.06E-02,0.663,1.26E+05,0.738,0.00E+00,0.089,-6.958,0.4,184.078,0.544,Rap
418,41,1.18E-02,0.854,9.07E+04,0.493,1.20E-02,0.104,-9.996,0.104,89.984,0.582,Jazz
419,38,1.10E-01,0.418,3.18E+05,0.652,5.35E-01,0.354,-11.112,0.075,80.451,0.607,Jazz
420,55,4.75E-01,0.581,1.51E+05,0.41,2.04E-05,0.075,-12.617,0.03,129.175,0.697,Rock
421,74,6.00E-01,0.334,3.36E+05,0.472,3.77E-06,0.317,-8.792,0.028,179.167,0.431,Rock
422,57,2.42E-01,0.562,1.82E+05,0.798,0.00E+00,0.112,-3.873,0.031,143.979,0.579,Rock
423,50,1.50E-05,0.543,2.19E+05,0.866,2.98E-02,0.32,-4.812,0.04,137.946,0.321,Rock
424,62,9.06E-03,0.508,2.25E+05,0.991,1.28E-05,0.316,-1.768,0.123,95.524,0.295,Rock
425,29,5.06E-01,0.847,1.84E+05,0.356,3.52E-02,0.115,-15.243,0.242,126.902,0.741,Blues
426,64,2.63E-01,0.443,-1.00E+00,0.727,1.41E-04,0.169,-7.951,0.145,160.82,0.566,Blues
427,56,3.21E-01,0.467,2.08E+05,0.488,2.81E-05,0.148,-10.181,0.198,111.838,0.267,Rap
428,16,8.68E-01,0.577,3.44E+05,0.491,9.31E-01,0.084,-7.412,0.063,124.557,0.389,Anime
429,77,1.93E-01,0.477,-1.00E+00,0.471,1.76E-06,0.131,-10.036,0.028,81.204,0.423,Rock
430,56,8.73E-02,0.542,2.03E+05,0.859,0.00E+00,0.145,-5.137,0.042,140.9,0.637,Country
431,69,4.50E-01,0.643,2.50E+05,0.809,1.22E-06,0.154,-3.275,0.028,112.677,0.499,Rock
432,46,4.80E-01,0.809,2.03E+05,0.523,0.00E+00,0.277,-6.335,0.206,133.921,0.827,Hip-Hop
433,52,5.16E-01,0.813,-1.00E+00,0.757,0.00E+00,0.363,-5.358,0.356,92.996,0.646,Hip-Hop
434,29,8.43E-03,0.345,2.75E+05,0.896,3.12E-02,0.128,-2.695,0.374,75.897,0.149,Electronic
435,60,2.24E-01,0.645,2.17E+05,0.557,0.00E+00,0.374,-5.883,0.033,100.026,0.461,Rock
436,53,2.63E-01,0.2,3.11E+05,0.434,0.00E+00,0.117,-14.274,0.029,83.876,0.37,Rock
437,28,5.31E-03,0.531,2.50E+05,0.964,2.73E-02,0.083,-1.971,0.533,150.237,0.198,Electronic
438,54,1.61E-02,0.739,2.38E+05,0.539,0.00E+00,0.235,-9.735,0.337,85.082,0.835,Hip-Hop
439,52,3.14E-02,0.725,2.02E+05,0.55,0.00E+00,0.089,-6.588,0.044,76.011,0.785,Country
440,54,4.87E-02,0.565,2.34E+05,0.615,1.93E-06,0.16,-10.793,0.038,143.928,0.591,Rock
441,27,5.05E-01,0.65,2.17E+05,0.383,0.00E+00,0.392,-13.074,0.046,110.522,0.864,Blues
442,53,5.40E-03,0.556,2.07E+05,0.702,0.00E+00,0.218,-5.792,0.042,132.33,0.452,Rock
443,60,1.03E-01,0.401,6.00E+04,0.532,0.00E+00,0.478,-11.554,0.508,84.777,0.413,Rap
444,42,6.33E-01,0.606,2.18E+05,0.342,6.84E-05,0.297,-13.197,0.03,78.019,0.432,Jazz
445,68,4.65E-01,0.195,2.69E+05,0.483,4.97E-01,0.069,-4.991,0.03,84.71,0.173,Rock
446,53,3.92E-01,0.373,3.31E+05,0.571,4.76E-02,0.126,-9.186,0.033,161.874,0.656,Rock
447,25,2.42E-02,0.449,3.77E+05,0.891,2.58E-01,0.669,-4.118,0.135,109.953,0.544,Electronic
448,16,2.86E-04,0.527,9.26E+04,0.752,7.85E-01,0.152,-5.76,0.041,95.018,0.474,Anime
449,29,9.16E-01,0.23,6.65E+05,0.041,2.22E-01,0.086,-23.741,0.046,120.406,0.105,Classical
450,53,6.13E-03,0.673,2.41E+05,0.722,0.00E+00,0.2,-6.464,0.064,95.997,0.379,Rock
451,58,1.95E-01,0.475,3.15E+05,0.757,0.00E+00,0.37,-7.307,0.357,120.406,0.071,Hip-Hop
452,38,3.06E-02,0.443,2.51E+05,0.756,1.21E-03,0.33,-9.216,0.044,83.797,0.346,Blues
453,66,1.75E-01,0.316,2.37E+05,0.86,4.92E-05,0.902,-5.038,0.066,100.888,0.195,Rock
454,56,3.98E-05,0.476,1.82E+05,0.907,4.32E-06,0.353,-3.938,0.059,96.515,0.303,Rap
455,55,2.95E-02,0.542,1.86E+05,0.766,8.02E-02,0.396,-5.411,0.028,88.062,0.643,Rock
456,51,2.13E-01,0.535,3.91E+05,0.551,8.72E-06,0.172,-9.99,0.034,79.414,0.631,Rock
457,38,1.93E-01,0.612,3.94E+05,0.481,1.19E-04,0.108,-7.158,0.029,90.033,0.467,Jazz
458,0,9.56E-01,0.332,1.94E+05,0.188,9.29E-01,0.137,-20.45,0.045,136.27,0.055,Classical
459,36,3.35E-02,0.661,3.14E+05,0.559,1.46E-01,0.082,-10.3,0.034,95.994,0.602,Jazz
460,55,1.87E-05,0.409,2.58E+05,0.974,1.18E-01,0.116,-5.274,0.085,166.001,0.473,Rock
461,64,2.99E-02,0.57,2.23E+05,0.83,0.00E+00,0.148,-5.096,0.058,155.014,0.765,Rock
462,52,6.15E-01,0.404,-1.00E+00,0.272,9.07E-04,0.13,-10.575,0.044,126.18,0.119,Rock
463,47,9.75E-01,0.36,-1.00E+00,0.366,2.29E-03,0.375,-11.636,0.068,80.491,0.386,Classical
464,25,9.90E-01,0.296,2.63E+05,0.234,8.85E-01,0.078,-19.277,0.043,129.471,0.294,Anime
465,78,5.71E-02,0.824,1.37E+05,0.595,3.70E-06,0.088,-6.346,0.091,140.039,0.157,Rap
466,36,2.89E-01,0.554,3.00E+05,0.811,0.00E+00,0.363,-4.481,0.046,160.17,0.737,Anime
467,59,1.77E-03,0.568,1.98E+05,0.871,4.06E-04,0.36,-5.235,0.049,133.064,0.693,Rock
468,56,1.58E-01,0.66,1.59E+05,0.557,0.00E+00,0.543,-9.597,0.03,110.743,0.788,Rock
469,59,2.86E-03,0.391,2.51E+05,0.557,0.00E+00,0.209,-4.47,0.029,145.861,0.142,Rock
470,41,7.03E-01,0.546,4.18E+05,0.34,0.00E+00,0.098,-8.161,0.026,78.31,0.325,Anime
471,54,2.63E-02,0.314,3.10E+05,0.959,1.48E-04,0.161,-4.657,0.091,154.221,0.492,Rock
472,58,5.90E-04,0.594,2.19E+05,0.858,3.11E-06,0.064,-4.339,0.039,138.021,0.663,Rock
473,66,3.18E-01,0.695,2.16E+05,0.731,0.00E+00,0.143,-2.15,0.034,122.522,0.497,Rock
474,66,8.74E-02,0.525,2.52E+05,0.741,1.47E-01,0.117,-5.643,0.031,117.031,0.179,Rock
475,53,6.34E-01,0.608,1.68E+05,0.178,3.52E-01,0.166,-17.109,0.026,84.78,0.401,Rock
476,60,3.40E-02,0.521,2.16E+05,0.933,2.07E-05,0.33,-4.874,0.179,169.842,0.607,Rock
477,59,2.14E-01,0.599,2.40E+05,0.869,1.29E-01,0.108,-4.874,0.028,90.088,0.637,Rock
478,65,3.18E-03,0.559,1.91E+05,0.931,1.24E-05,0.062,-5.863,0.072,90.911,0.644,Rock
479,38,9.92E-01,0.379,2.40E+05,0.279,9.07E-01,0.107,-12.694,0.034,89.918,0.293,Jazz
480,53,1.44E-01,0.726,2.27E+05,0.616,0.00E+00,0.316,-6.677,0.364,82.548,0.607,Hip-Hop
481,30,9.73E-01,0.43,5.34E+05,0.083,6.09E-01,0.214,-22.039,0.047,125.093,0.459,Classical
482,57,2.54E-03,0.306,2.33E+05,0.985,6.26E-01,0.13,-6.687,0.082,133.963,0.255,Rock
483,64,5.17E-01,0.82,-1.00E+00,0.596,1.59E-03,0.358,-7.539,0.246,94.968,0.54,Hip-Hop
484,32,7.65E-01,0.696,-1.00E+00,0.617,6.51E-01,0.112,-7.973,0.03,131.924,0.47,Jazz
485,67,1.40E-03,0.476,2.02E+05,0.979,7.29E-03,0.094,-3.506,0.132,140.404,0.416,Rock
486,55,3.12E-02,0.473,3.12E+05,0.691,4.04E-03,0.147,-7.984,0.025,82.118,0.421,Alternative
487,68,4.61E-01,0.573,1.43E+05,0.683,0.00E+00,0.093,-6.644,0.176,169.519,0.817,Rock
488,51,2.00E-01,0.427,2.41E+05,0.883,0.00E+00,0.105,-1.936,0.102,159.91,0.724,Country
489,54,2.32E-01,0.499,3.36E+05,0.816,0.00E+00,0.105,-3.913,0.036,82.017,0.275,Alternative
490,46,8.23E-01,0.505,1.65E+05,0.17,2.87E-05,0.062,-12.848,0.033,120.406,0.305,Blues
491,19,2.42E-03,0.396,2.82E+05,0.986,2.14E-05,0.338,-4.843,0.23,169.976,0.143,Anime
492,54,2.06E-01,0.501,2.47E+05,0.903,0.00E+00,0.155,-4.327,0.12,131.957,0.432,Hip-Hop
493,71,7.71E-02,0.712,2.88E+05,0.967,0.00E+00,0.356,-5.206,0.047,145.024,0.895,Rock
494,35,9.95E-01,0.387,3.64E+05,0.035,8.93E-01,0.073,-32.142,0.048,96.86,0.15,Classical
495,32,9.87E-01,0.155,3.05E+05,0.058,8.90E-01,0.095,-26.549,0.045,92.442,0.073,Classical
496,0,9.86E-01,0.343,2.59E+05,0.015,9.08E-01,0.181,-30.433,0.045,169.22,0.102,Classical
497,41,2.41E-03,0.534,1.97E+05,0.931,8.52E-01,0.356,-3.817,0.071,140.031,0.328,Electronic
498,54,2.74E-01,0.846,1.64E+05,0.752,0.00E+00,0.11,-4.942,0.449,140.018,0.575,Hip-Hop
499,62,8.19E-02,0.421,3.00E+05,0.963,0.00E+00,0.5,-2.16,0.415,120.406,0.494,Rap
500,55,2.76E-02,0.684,2.39E+05,0.837,2.98E-05,0.063,-5.46,0.031,115.94,0.565,Rock
501,62,7.27E-01,0.73,1.63E+05,0.504,0.00E+00,0.143,-11.686,0.048,126.282,0.883,Rock
502,57,9.93E-02,0.439,2.58E+05,0.591,2.25E-03,0.072,-6.407,0.042,125.893,0.397,Rock
503,52,2.78E-01,0.542,2.86E+05,0.924,4.37E-04,0.083,-2.428,0.083,82.666,0.686,Rock
504,21,2.66E-04,0.502,-1.00E+00,0.949,3.72E-05,0.336,-4.046,0.051,150.003,0.459,Anime
505,55,1.38E-04,0.547,2.44E+05,0.966,6.59E-04,0.312,-3.839,0.045,114.053,0.532,Rock
506,59,1.04E-01,0.595,2.34E+05,0.792,3.29E-06,0.171,-5.426,0.03,119.531,0.611,Rock
507,27,1.10E-03,0.327,3.08E+05,0.972,3.48E-03,0.082,-3.489,0.469,120.406,0.103,Anime
508,46,2.17E-02,0.57,2.33E+05,0.6,0.00E+00,0.096,-11.618,0.039,143.861,0.611,Country
509,64,9.14E-01,0.567,1.58E+05,0.159,0.00E+00,0.111,-13.648,0.033,146.913,0.436,Blues
510,53,1.77E-01,0.655,3.05E+05,0.429,0.00E+00,0.064,-12.824,0.029,118.732,0.528,Country
511,66,1.29E-01,0.64,1.95E+05,0.83,0.00E+00,0.29,-5.43,0.065,95.004,0.62,Rock
512,59,3.10E-01,0.476,2.83E+05,0.331,2.82E-06,0.172,-14.884,0.03,130.574,0.24,Rock
513,48,8.06E-03,0.52,2.59E+05,0.963,1.51E-04,0.175,-2.662,0.05,155.934,0.567,Anime
514,58,8.38E-01,0.665,-1.00E+00,0.253,0.00E+00,0.168,-7.326,0.051,142.252,0.477,Rock
515,52,5.83E-05,0.387,2.27E+05,0.886,2.75E-01,0.219,-6.981,0.062,176.426,0.757,Rock
516,23,4.98E-02,0.708,2.85E+05,0.447,1.41E-05,0.273,-10.714,0.052,102.035,0.626,Electronic
517,34,4.77E-03,0.758,2.31E+05,0.479,8.72E-01,0.107,-6.791,0.087,92.003,0.652,Jazz
518,43,6.10E-01,0.568,-1.00E+00,0.225,5.77E-02,0.06,-16.413,0.05,120.406,0.592,Jazz
519,30,6.18E-02,0.389,1.60E+05,0.829,1.25E-03,0.168,-5.58,0.15,122.051,0.435,Blues
520,68,4.06E-04,0.487,1.61E+05,0.888,1.04E-03,0.405,-4.736,0.089,137.939,0.563,Rock
521,57,5.54E-01,0.371,1.48E+05,0.724,0.00E+00,0.299,-9.792,0.056,170.377,0.916,Rock
522,62,4.48E-01,0.504,-1.00E+00,0.501,0.00E+00,0.19,-11.899,0.038,94.961,0.731,Rock
523,40,5.57E-01,0.531,2.40E+05,0.438,1.33E-04,0.104,-7.955,0.026,70.996,0.231,Country
524,73,1.70E-01,0.837,-1.00E+00,0.549,0.00E+00,0.057,-5.722,0.167,121.954,0.209,Rap
525,15,4.64E-01,0.062,1.78E+05,0.218,9.41E-01,0.125,-12.529,0.042,62.838,0.03,Anime
526,37,4.68E-02,0.513,2.30E+05,0.701,4.83E-06,0.349,-5.592,0.028,144.944,0.302,Country
527,61,4.84E-04,0.348,1.88E+05,0.893,6.36E-05,0.281,-4.589,0.066,148.043,0.392,Rock
528,70,2.79E-01,0.516,2.88E+05,0.738,0.00E+00,0.621,-7.21,0.415,175.432,0.595,Rap
529,61,3.14E-01,0.687,2.04E+05,0.648,1.37E-06,0.289,-9.137,0.027,121.341,0.6,Rock
530,57,9.79E-01,0.405,2.45E+05,0.152,9.07E-05,0.104,-13.901,0.04,61.34,0.383,Rock
531,50,8.75E-01,0.653,5.24E+05,0.368,3.05E-03,0.097,-11.567,0.044,117.161,0.249,Jazz
532,56,9.20E-01,0.551,2.61E+05,0.289,1.10E-04,0.124,-9.83,0.027,108.098,0.432,Rock
533,59,8.87E-02,0.691,2.72E+05,0.74,0.00E+00,0.149,-5.884,0.298,78.025,0.41,Rap
534,77,3.81E-01,0.66,-1.00E+00,0.383,0.00E+00,0.119,-9.377,0.03,83.096,0.381,Rock
535,42,4.46E-02,0.47,2.42E+05,0.552,3.28E-02,0.641,-6.885,0.027,106.92,0.206,Alternative
536,56,1.16E-02,0.507,-1.00E+00,0.666,3.43E-01,0.129,-8.362,0.029,77.979,0.185,Rock
537,32,9.04E-01,0.393,3.87E+05,0.129,5.87E-01,0.1,-23.347,0.039,120.123,0.645,Classical
538,60,2.12E-01,0.661,2.07E+05,0.743,2.04E-06,0.098,-7.76,0.033,106.045,0.897,Rock
539,51,2.87E-03,0.676,2.87E+05,0.687,4.46E-04,0.274,-7.792,0.023,100.06,0.403,Rock
540,58,2.67E-01,0.406,3.20E+05,0.351,8.93E-04,0.097,-7.871,0.031,118.633,0.246,Rock
541,61,4.98E-01,0.523,2.42E+05,0.366,0.00E+00,0.094,-14.069,0.033,142.814,0.291,Rock
542,71,8.76E-03,0.533,1.71E+05,0.905,5.78E-01,0.07,-5.27,0.075,108.9,0.486,Rock
543,66,1.87E-03,0.552,3.00E+05,0.645,1.38E-06,0.042,-6.595,0.027,89.518,0.588,Rock
544,57,8.79E-03,0.433,2.63E+05,0.815,0.00E+00,0.138,-3.658,0.077,125.358,0.461,Rock
545,54,9.45E-01,0.488,3.52E+05,0.326,1.57E-02,0.119,-12.02,0.033,106.063,0.323,Rock
546,32,7.83E-01,0.358,2.08E+05,0.549,2.86E-02,0.093,-8.012,0.077,148.118,0.085,Electronic
547,34,2.11E-01,0.599,2.11E+05,0.79,6.74E-06,0.326,-7.155,0.029,91.029,0.718,Country
548,36,9.00E-01,0.678,1.43E+05,0.327,1.58E-01,0.111,-9.072,0.029,113.803,0.557,Anime
549,57,1.42E-01,0.405,3.38E+05,0.756,4.03E-05,0.638,-6.361,0.031,120.406,0.606,Rock
550,65,7.19E-04,0.506,-1.00E+00,0.932,5.94E-02,0.174,-6.11,0.11,99.929,0.549,Rock
551,26,9.11E-01,0.129,4.73E+05,0.054,1.22E-01,0.06,-27.769,0.036,92.218,0.081,Classical
552,26,4.88E-01,0.522,3.23E+05,0.324,7.24E-01,0.551,-14.972,0.041,115.836,0.395,Blues
553,41,9.76E-03,0.321,-1.00E+00,0.788,3.95E-01,0.29,-7.772,0.029,126.355,0.657,Electronic
554,50,6.40E-01,0.651,1.46E+05,0.712,6.09E-05,0.074,-6.79,0.043,82.961,0.804,Rock
555,62,3.90E-02,0.485,1.85E+05,0.701,0.00E+00,0.098,-3.807,0.029,151.948,0.613,Country
556,54,1.45E-02,0.528,2.09E+05,0.875,0.00E+00,0.138,-5.912,0.044,136.83,0.479,Rock
557,66,3.83E-02,0.668,2.32E+05,0.739,0.00E+00,0.13,-4.919,0.031,131.918,0.571,Rock
558,12,1.09E-04,0.248,1.06E+05,0.918,7.85E-01,0.244,-5.005,0.107,120.406,0.34,Anime
559,60,1.41E-02,0.441,2.71E+05,0.563,3.69E-06,0.101,-7.274,0.025,85.711,0.209,Rock
560,36,8.42E-01,0.324,4.61E+05,0.153,9.75E-01,0.108,-20.82,0.039,120.406,0.037,Jazz
561,55,5.47E-01,0.562,2.41E+05,0.394,0.00E+00,0.383,-9.536,0.239,76.277,0.292,Hip-Hop
562,58,7.30E-03,0.491,2.49E+05,0.738,0.00E+00,0.295,-6.73,0.057,162.003,0.524,Rock
563,67,9.32E-04,0.513,2.59E+05,0.877,1.63E-04,0.136,-3.756,0.029,145.919,0.389,Rock
564,53,9.94E-01,0.222,1.61E+05,0.012,9.25E-01,0.102,-32.855,0.036,72.774,0.14,Classical
565,40,1.29E-02,0.339,2.33E+05,0.677,1.62E-03,0.105,-11.843,0.045,187.622,0.223,Electronic
566,46,7.10E-01,0.623,3.84E+05,0.328,3.44E-01,0.105,-12.949,0.038,74.668,0.696,Jazz
567,54,2.19E-02,0.597,2.18E+05,0.812,1.06E-03,0.102,-12.062,0.032,135.68,0.823,Rock
568,27,5.89E-02,0.544,2.33E+05,0.484,2.92E-06,0.256,-7.111,0.025,144.872,0.519,Blues
569,70,7.35E-03,0.756,1.71E+05,0.814,0.00E+00,0.143,-5.398,0.042,146.99,0.709,Rap
570,65,8.90E-01,0.6,2.17E+05,0.243,2.20E-03,0.249,-17.085,0.037,110.535,0.468,Rock
571,51,2.70E-01,0.648,2.48E+05,0.637,4.22E-06,0.047,-10.138,0.03,120.406,0.738,Rock
572,50,8.79E-02,0.776,1.88E+05,0.601,3.05E-04,0.353,-6.041,0.049,82.481,0.416,Alternative
573,54,7.27E-02,0.609,-1.00E+00,0.876,6.96E-06,0.078,-5.777,0.044,152.043,0.39,Rock
574,54,4.48E-02,0.675,2.74E+05,0.527,2.65E-06,0.101,-9.501,0.026,113.881,0.66,Rock
575,64,7.94E-01,0.39,3.31E+05,0.31,0.00E+00,0.379,-14.545,0.068,177.515,0.584,Rock
576,40,3.03E-04,0.711,2.84E+05,0.954,8.34E-01,0.07,-7.914,0.071,124.982,0.897,Electronic
577,56,1.16E-02,0.528,2.08E+05,0.888,7.62E-01,0.154,-6.039,0.033,145.971,0.897,Rock
578,59,1.44E-01,0.613,2.86E+05,0.531,3.74E-06,0.801,-9.172,0.034,152.023,0.338,Rock
579,68,1.54E-01,0.71,1.81E+05,0.47,0.00E+00,0.643,-9.33,0.142,80.027,0.581,Hip-Hop
580,55,2.27E-01,0.551,2.95E+05,0.852,9.84E-06,0.276,-3.446,0.161,147.001,0.436,Rap
581,28,2.53E-01,0.519,3.11E+05,0.707,8.40E-04,0.212,-4.844,0.026,180.03,0.517,Anime
582,40,1.38E-02,0.77,-1.00E+00,0.721,5.05E-01,0.097,-8.008,0.053,119.996,0.366,Electronic
583,32,9.95E-01,0.209,3.18E+05,0.015,8.77E-01,0.067,-29.801,0.041,120.406,0.118,Classical
584,51,6.91E-02,0.557,-1.00E+00,0.61,1.17E-02,0.341,-9.899,0.111,155.966,0.128,Rock
585,68,5.55E-01,0.635,2.17E+05,0.691,0.00E+00,0.097,-4.862,0.258,82.142,0.638,Hip-Hop
586,45,9.35E-01,0.548,2.51E+05,0.115,8.07E-02,0.16,-18.408,0.034,107.799,0.15,Jazz
587,38,4.16E-04,0.694,1.28E+05,0.917,4.22E-01,0.515,-3.181,0.219,150.01,0.526,Electronic
588,72,1.98E-01,0.58,2.06E+05,0.498,0.00E+00,0.132,-6.901,0.028,116.271,0.111,Rock
589,54,8.22E-02,0.628,2.24E+05,0.584,4.33E-01,0.298,-8.03,0.028,112,0.335,Rock
590,54,7.40E-03,0.666,2.21E+05,0.573,2.33E-04,0.116,-8.369,0.036,96.982,0.438,Rock
591,68,3.77E-01,0.648,3.50E+05,0.631,0.00E+00,0.12,-5.662,0.103,105.989,0.142,Rap
592,56,5.63E-02,0.892,-1.00E+00,0.538,0.00E+00,0.303,-7.043,0.304,130.129,0.325,Hip-Hop
593,46,5.34E-04,0.374,4.78E+05,0.926,1.17E-02,0.341,-4.947,0.083,106.315,0.619,Jazz
594,70,1.55E-01,0.491,3.23E+05,0.523,0.00E+00,0.405,-9.417,0.592,73.79,0.243,Rap
595,42,6.14E-02,0.643,3.70E+05,0.643,7.11E-01,0.119,-8.081,0.027,102,0.436,Jazz
596,58,1.18E-01,0.663,-1.00E+00,0.48,3.87E-04,0.165,-9.267,0.025,95.912,0.218,Rock
597,30,3.13E-01,0.616,3.58E+05,0.464,9.16E-01,0.109,-17.747,0.047,177.829,0.113,Electronic
598,64,5.37E-02,0.628,2.02E+05,0.845,0.00E+00,0.378,-4.837,0.04,115.999,0.801,Rock
599,36,9.37E-01,0.087,-1.00E+00,0.017,7.73E-01,0.108,-32.245,0.048,85.068,0.05,Classical
600,70,2.42E-04,0.606,1.93E+05,0.887,0.00E+00,0.337,-4.404,0.06,119.974,0.903,Rock
601,65,6.31E-04,0.246,2.13E+05,0.768,3.01E-01,0.102,-7.48,0.039,169.873,0.35,Rock
602,68,1.29E-01,0.662,2.10E+05,0.65,0.00E+00,0.113,-5.981,0.038,117.992,0.481,Rock
603,39,1.52E-01,0.572,2.35E+05,0.826,0.00E+00,0.113,-5.167,0.132,167.988,0.408,Country
604,70,1.80E-04,0.546,2.07E+05,0.959,1.44E-03,0.058,-4.664,0.082,127.831,0.416,Rock
605,61,2.44E-01,0.529,1.69E+05,0.847,0.00E+00,0.205,-5.513,0.048,93.977,0.69,Rock
606,53,7.45E-01,0.697,1.45E+05,0.676,5.11E-04,0.263,-5.273,0.044,120.406,0.705,Rock
607,65,2.22E-01,0.332,4.74E+05,0.623,8.83E-04,0.278,-12.365,0.08,182.63,0.416,Rock
608,70,7.48E-01,0.401,-1.00E+00,0.527,3.05E-03,0.359,-15.632,0.061,133.749,0.208,Rock
609,54,1.79E-04,0.587,3.96E+05,0.613,1.51E-01,0.178,-9.444,0.034,85.693,0.655,Rock
610,62,2.50E-04,0.56,2.21E+05,0.901,1.34E-01,0.299,-4.481,0.032,132.009,0.807,Rock
611,61,1.59E-01,0.674,2.17E+05,0.705,6.11E-06,0.106,-7.516,0.026,95.99,0.635,Rock
612,54,5.23E-02,0.694,2.15E+05,0.951,3.38E-03,0.293,-5.4,0.078,120.014,0.74,Rock
613,61,3.51E-01,0.541,2.00E+05,0.483,4.00E-01,0.111,-10.675,0.051,80.73,0.641,Rock
614,71,5.38E-01,0.404,1.48E+05,0.43,0.00E+00,0.08,-12.327,0.224,180.061,0.641,Rock
615,47,2.37E-02,0.682,2.41E+05,0.523,0.00E+00,0.18,-9.69,0.335,170.049,0.366,Rap
616,46,2.81E-01,0.498,-1.00E+00,0.724,6.75E-06,0.157,-5.142,0.089,145.908,0.384,Electronic
617,26,3.87E-05,0.476,1.70E+05,0.791,8.38E-01,0.165,-8.086,0.058,120.406,0.403,Blues
618,51,1.84E-01,0.754,2.09E+05,0.801,0.00E+00,0.132,-5.992,0.35,120.406,0.391,Jazz
619,61,3.34E-01,0.506,-1.00E+00,0.526,5.39E-04,0.091,-9.936,0.029,129.641,0.591,Rock
620,56,2.93E-02,0.647,2.19E+05,0.764,0.00E+00,0.139,-4.388,0.036,161.416,0.598,Rock
621,13,7.61E-01,0.544,2.15E+05,0.792,0.00E+00,0.335,-3.512,0.046,119.998,0.615,Anime
622,61,6.95E-03,0.793,2.26E+05,0.554,0.00E+00,0.127,-6.624,0.045,119.993,0.225,Rap
623,56,4.63E-03,0.469,2.08E+05,0.854,0.00E+00,0.344,-5.03,0.164,186.061,0.559,Rock
624,47,4.50E-01,0.381,6.75E+04,0.592,0.00E+00,0.534,-10.879,0.289,84.974,0.673,Hip-Hop
625,52,6.56E-01,0.42,3.52E+05,0.662,4.23E-04,0.096,-9.828,0.034,147.949,0.378,Rock
626,36,4.81E-01,0.718,2.86E+05,0.548,8.57E-01,0.089,-11.204,0.032,109.96,0.629,Jazz
627,66,6.61E-02,0.739,1.94E+05,0.471,9.78E-05,0.116,-8.456,0.044,90.002,0.31,Rock
628,42,2.05E-01,0.496,1.77E+05,0.895,0.00E+00,0.063,-4.027,0.147,120.406,0.654,Country
629,42,2.95E-02,0.291,1.95E+05,0.598,2.27E-03,0.074,-6.972,0.039,146.245,0.186,Alternative
630,39,2.61E-01,0.486,2.09E+05,0.512,1.86E-02,0.121,-7.637,0.033,65.145,0.321,Alternative
631,57,9.72E-01,0.193,2.08E+05,0.033,9.29E-01,0.098,-28.228,0.046,82.165,0.037,Classical
632,52,7.08E-02,0.458,2.08E+05,0.751,1.05E-02,0.169,-4.681,0.032,140.895,0.387,Rock
633,43,3.54E-02,0.794,3.73E+05,0.625,8.71E-01,0.065,-8.396,0.055,113.996,0.187,Electronic
634,25,8.73E-03,0.465,2.43E+05,0.981,0.00E+00,0.354,-2.366,0.203,128.093,0.534,Anime
635,35,9.62E-01,0.375,1.44E+05,0.208,4.72E-06,0.086,-12.955,0.034,67.714,0.379,Classical
636,70,5.57E-02,0.678,2.13E+05,0.76,0.00E+00,0.359,-5.546,0.221,96.044,0.24,Rap
637,48,1.69E-02,0.42,4.01E+05,0.752,2.14E-02,0.117,-5.002,0.039,111.105,0.461,Alternative
638,67,5.00E-02,0.813,2.42E+05,0.977,2.75E-05,0.147,-6.078,0.048,114.316,0.842,Rock
639,47,4.04E-01,0.467,1.58E+05,0.581,0.00E+00,0.149,-9.768,0.456,91.108,0.152,Hip-Hop
640,42,4.80E-01,0.65,2.05E+05,0.791,0.00E+00,0.16,-4.397,0.033,93.992,0.896,Country
641,65,1.35E-01,0.756,2.47E+05,0.415,0.00E+00,0.144,-14.429,0.056,96.99,0.68,Rock
642,53,9.85E-01,0.336,1.90E+05,0.062,8.91E-01,0.11,-20.494,0.036,60.705,0.197,Jazz
643,53,7.44E-01,0.366,4.98E+05,0.357,1.97E-05,0.11,-6.227,0.034,118.901,0.117,Rock
644,49,5.91E-03,0.356,1.93E+05,0.837,2.83E-05,0.064,-4.166,0.072,131.668,0.54,Rock
645,59,7.51E-05,0.352,4.56E+05,0.956,2.03E-02,0.125,-3.634,0.149,122.897,0.228,Rock
646,56,3.49E-04,0.684,2.69E+05,0.906,5.50E-01,0.103,-6.661,0.077,101.46,0.555,Rock
647,38,1.08E-03,0.776,4.49E+05,0.703,8.80E-01,0.352,-16.542,0.05,125.938,0.922,Jazz
648,60,1.38E-01,0.516,-1.00E+00,0.745,0.00E+00,0.114,-5.674,0.038,120.406,0.77,Rock
649,37,3.33E-01,0.793,5.09E+05,0.479,9.07E-01,0.028,-10.759,0.082,95.99,0.645,Electronic
650,73,6.15E-01,0.467,3.20E+05,0.324,2.48E-02,0.118,-10.451,0.025,94.301,0.166,Rock
651,33,9.78E-01,0.434,2.08E+05,0.087,8.60E-01,0.407,-22.613,0.053,79.847,0.82,Classical
652,54,4.71E-02,0.798,1.91E+05,0.721,0.00E+00,0.063,-4.964,0.093,104.943,0.41,Rap
653,55,1.97E-04,0.656,3.45E+05,0.864,1.07E-01,0.281,-7.895,0.041,93.197,0.617,Rock
654,56,9.55E-01,0.465,2.85E+05,0.242,2.23E-02,0.126,-10.46,0.03,102.812,0.315,Rock
655,64,3.90E-02,0.824,2.50E+05,0.366,1.06E-01,0.04,-10.96,0.145,73.949,0.895,Rock
656,43,1.53E-03,0.196,3.32E+05,0.737,7.45E-01,0.086,-8.961,0.073,96.138,0.09,Anime
657,52,3.10E-03,0.769,1.95E+05,0.601,0.00E+00,0.272,-8.402,0.171,168.996,0.448,Hip-Hop
658,60,7.92E-03,0.306,2.88E+05,0.872,8.00E-01,0.261,-7.313,0.05,167.946,0.648,Rock
659,58,8.44E-02,0.593,-1.00E+00,0.837,0.00E+00,0.148,-4.834,0.03,99.947,0.569,Rock
660,63,3.71E-02,0.437,2.67E+05,0.337,9.46E-04,0.098,-11.439,0.033,120.406,0.078,Alternative
661,37,9.95E-01,0.45,8.57E+04,0.003,9.26E-01,0.057,-38.718,0.053,62.44,0.09,Classical
662,28,7.14E-01,0.616,1.14E+05,0.186,1.32E-06,0.166,-13.757,0.051,119.747,0.878,Blues
663,54,1.81E-01,0.799,2.53E+05,0.665,1.36E-01,0.125,-6.31,0.045,89.498,0.783,Rock
664,56,2.59E-01,0.534,2.34E+05,0.457,4.00E-04,0.203,-8.66,0.027,140.798,0.271,Rock
665,37,1.83E-01,0.457,2.71E+05,0.92,9.55E-01,0.206,-5.675,0.044,73.984,0.595,Jazz
666,32,8.06E-01,0.423,1.24E+05,0.156,5.87E-04,0.623,-17.959,0.039,135.911,0.563,Classical
667,51,7.42E-01,0.603,2.34E+05,0.36,0.00E+00,0.233,-8.841,0.031,122.021,0.347,Country
668,28,5.95E-01,0.163,1.62E+05,0.44,9.09E-01,0.142,-9.873,0.044,154.357,0.126,Anime
669,61,8.51E-03,0.703,2.48E+05,0.785,4.79E-02,0.178,-7.633,0.046,105.857,0.592,Rock
670,68,1.89E-02,0.717,2.05E+05,0.796,8.94E-05,0.19,-3.677,0.03,105.017,0.942,Rock
671,65,2.87E-05,0.529,1.96E+05,0.92,2.02E-03,0.058,-4.168,0.065,111.132,0.438,Rock
672,54,9.29E-01,0.189,3.90E+05,0.195,8.07E-01,0.08,-19.454,0.034,126.862,0.039,Rock
673,38,6.37E-01,0.752,5.54E+05,0.791,7.51E-01,0.1,-12.4,0.055,116.004,0.11,Electronic
674,13,7.39E-01,0.4,1.73E+05,0.437,9.67E-01,0.132,-14.016,0.05,120.406,0.142,Anime
675,63,9.73E-04,0.647,2.18E+05,0.71,7.03E-01,0.078,-4.692,0.029,110.059,0.268,Rock
676,55,3.74E-01,0.926,2.13E+05,0.354,0.00E+00,0.49,-10.773,0.511,105.005,0.561,Hip-Hop
677,55,3.96E-01,0.326,2.12E+05,0.65,0.00E+00,0.119,-9.574,0.199,84.461,0.438,Rap
678,61,5.04E-01,0.461,1.69E+05,0.714,1.71E-02,0.684,-9.159,0.313,94.372,0.454,Rock
679,50,2.25E-04,0.606,2.81E+05,0.905,1.99E-03,0.072,-6.514,0.049,126.793,0.672,Electronic
680,53,1.50E-02,0.609,2.17E+05,0.807,1.23E-03,0.37,-8.286,0.056,121.768,0.754,Country
681,58,3.40E-01,0.508,2.96E+05,0.638,3.20E-05,0.077,-4.671,0.028,120.406,0.484,Rock
682,42,2.92E-01,0.594,1.99E+05,0.718,0.00E+00,0.093,-5.755,0.029,133.993,0.549,Country
683,63,3.93E-04,0.272,2.62E+05,0.747,4.03E-05,0.16,-4.86,0.04,202.777,0.255,Rock
684,64,3.50E-01,0.764,1.75E+05,0.646,0.00E+00,0.082,-9.349,0.03,116.115,0.886,Rock
685,76,2.09E-01,0.667,2.08E+05,0.798,1.50E-02,0.097,-5.935,0.068,114.981,0.485,Rock
686,59,8.88E-03,0.49,2.25E+05,0.951,1.26E-03,0.376,-3.888,0.097,158.075,0.628,Rock
687,51,1.11E-03,0.298,1.98E+05,0.597,0.00E+00,0.082,-12.107,0.034,180.434,0.536,Rock
688,49,2.58E-05,0.475,1.77E+05,0.753,9.68E-02,0.212,-5.058,0.214,162.92,0.672,Alternative
689,80,2.93E-03,0.442,1.82E+05,0.943,8.71E-06,0.091,-3.205,0.06,85.064,0.781,Rock
690,58,9.57E-04,0.445,1.93E+05,0.909,3.51E-05,0.378,-4.109,0.134,94.025,0.297,Rock
691,45,4.64E-02,0.708,3.09E+05,0.745,8.73E-01,0.365,-6.961,0.042,122.016,0.161,Jazz
692,33,2.89E-01,0.546,2.95E+05,0.437,3.12E-04,0.119,-8.993,0.033,129.955,0.534,Blues
693,58,3.68E-02,0.53,2.23E+05,0.741,0.00E+00,0.402,-3.821,0.03,75.012,0.424,Rock
694,47,1.35E-02,0.162,3.69E+05,0.517,2.46E-01,0.116,-8.214,0.063,173.743,0.109,Blues
695,71,8.08E-02,0.787,1.76E+05,0.552,0.00E+00,0.102,-7.676,0.069,120.406,0.21,Hip-Hop
696,42,5.86E-02,0.809,1.61E+05,0.27,9.01E-01,0.257,-13.723,0.078,80.009,0.108,Electronic
697,57,6.21E-01,0.657,2.14E+05,0.49,8.10E-01,0.106,-12.27,0.039,120.406,0.53,Rock
698,70,3.54E-02,0.526,1.94E+05,0.801,3.17E-06,0.064,-3.717,0.039,172.024,0.769,Rock
699,62,1.08E-02,0.743,2.43E+05,0.67,7.02E-02,0.22,-4.547,0.029,110.832,0.934,Rock
700,55,5.17E-02,0.573,-1.00E+00,0.738,7.93E-05,0.12,-5.855,0.283,207.852,0.565,Hip-Hop
701,52,5.90E-02,0.625,1.58E+05,0.699,0.00E+00,0.231,-10.665,0.478,147.956,0.381,Rap
702,40,8.51E-03,0.549,1.99E+05,0.895,1.12E-06,0.131,-7.145,0.044,134.595,0.95,Alternative
703,22,9.78E-02,0.189,1.39E+05,0.812,8.75E-01,0.181,-10.686,0.044,123.597,0.276,Electronic
704,60,2.70E-01,0.546,1.97E+05,0.838,1.24E-05,0.084,-3.51,0.032,151.914,0.719,Rock
705,65,1.52E-02,0.465,2.18E+05,0.917,2.00E-02,0.286,-6.331,0.237,155.061,0.39,Rock
706,54,8.64E-01,0.736,1.82E+05,0.297,1.49E-05,0.061,-9.648,0.035,120.406,0.186,Rock
707,70,2.01E-01,0.617,2.26E+05,0.779,0.00E+00,0.117,-5.084,0.287,83.332,0.887,Hip-Hop
708,31,1.58E-01,0.498,4.11E+05,0.571,9.45E-03,0.055,-8.341,0.028,139.226,0.492,Blues
709,56,3.92E-01,0.482,3.24E+05,0.55,2.08E-02,0.111,-4.485,0.027,114.435,0.353,Rock
710,63,3.26E-03,0.541,1.98E+05,0.916,2.04E-06,0.097,-5.964,0.061,156.015,0.627,Rock
711,52,1.75E-02,0.672,5.05E+05,0.792,1.19E-02,0.313,-6.436,0.033,146.907,0.649,Rock
712,25,1.61E-02,0.815,1.50E+05,0.666,5.52E-01,0.074,-5.995,0.227,120.406,0.483,Electronic
713,73,9.17E-04,0.433,2.69E+05,0.959,0.00E+00,0.028,-4.04,0.043,120.406,0.365,Alternative
714,60,7.98E-03,0.562,1.86E+05,0.843,3.10E-05,0.112,-4.238,0.036,91.979,0.262,Rock
715,30,9.82E-01,0.56,6.19E+04,0.147,3.93E-01,0.085,-24.839,0.041,164.163,0.576,Anime
716,41,9.34E-01,0.185,1.83E+05,0.081,1.25E-02,0.084,-21.025,0.043,89.936,0.057,Classical
717,57,1.03E-01,0.279,4.97E+05,0.472,8.74E-01,0.063,-16.42,0.029,115.13,0.135,Rock
718,29,1.76E-01,0.609,3.44E+05,0.888,0.00E+00,0.15,-2.814,0.036,119.959,0.696,Anime
719,32,9.38E-03,0.495,2.00E+05,0.786,7.52E-03,0.107,-10.51,0.035,142.266,0.696,Blues
720,30,3.03E-02,0.813,2.45E+05,0.767,8.87E-01,0.047,-7.177,0.037,120.406,0.877,Jazz
721,55,6.58E-02,0.514,2.53E+05,0.589,5.34E-05,0.086,-8.249,0.032,115.283,0.726,Rock
722,53,3.44E-02,0.479,2.45E+05,0.718,0.00E+00,0.282,-4.271,0.037,149.576,0.398,Rock
723,57,3.12E-01,0.605,-1.00E+00,0.605,5.11E-03,0.06,-7.722,0.084,147.736,0.418,Rock
724,38,1.37E-01,0.494,2.05E+05,0.357,6.67E-01,0.131,-17.063,0.034,120.406,0.292,Jazz
725,40,1.07E-04,0.158,2.67E+05,0.742,6.66E-01,0.364,-6.508,0.065,206.863,0.065,Blues
726,62,5.13E-02,0.395,2.12E+05,0.896,3.96E-03,0.14,-4.262,0.035,101.867,0.35,Rock
727,60,5.10E-02,0.443,2.68E+05,0.778,0.00E+00,0.267,-3.037,0.033,148.044,0.418,Rock
728,67,2.13E-02,0.589,2.45E+05,0.614,1.65E-01,0.31,-7.528,0.043,119.837,0.318,Rock
729,78,3.71E-01,0.558,-1.00E+00,0.559,7.49E-06,0.109,-9.222,0.096,78.558,0.62,Hip-Hop
730,23,9.61E-03,0.514,2.62E+05,0.523,7.78E-01,0.14,-6.601,0.117,143.844,0.444,Anime
731,54,1.74E-01,0.568,2.14E+05,0.714,0.00E+00,0.043,-7.139,0.044,146.338,0.955,Rock
732,58,7.51E-02,0.411,-1.00E+00,0.611,2.21E-04,0.076,-4.719,0.03,140.002,0.138,Rock
733,54,6.55E-01,0.699,2.52E+05,0.197,0.00E+00,0.072,-14.792,0.038,122.871,0.361,Rock
734,67,7.38E-03,0.547,1.97E+05,0.804,0.00E+00,0.031,-5.268,0.036,142.016,0.666,Rock
735,52,1.26E-02,0.626,1.81E+05,0.805,0.00E+00,0.156,-5.81,0.045,116.03,0.882,Rock
736,62,3.34E-01,0.486,-1.00E+00,0.565,4.10E-04,0.105,-5.655,0.033,167.938,0.21,Rock
737,30,7.26E-01,0.377,2.13E+05,0.111,7.07E-01,0.109,-17.324,0.059,96.688,0.137,Classical
738,60,8.96E-01,0.726,2.15E+05,0.177,2.14E-06,0.116,-14.824,0.035,92.934,0.618,Rock
739,55,1.22E-01,0.5,1.74E+05,0.854,0.00E+00,0.079,-5.151,0.095,94.96,0.404,Rock
740,63,7.53E-06,0.559,2.14E+05,0.871,5.24E-03,0.096,-5.338,0.039,104.976,0.573,Rock
741,72,3.42E-01,0.547,2.09E+05,0.596,3.35E-01,0.148,-7.744,0.192,120.406,0.368,Hip-Hop
742,61,4.91E-01,0.545,2.88E+05,0.467,1.75E-01,0.081,-10.862,0.03,113.713,0.444,Blues
743,38,1.62E-02,0.636,1.82E+05,0.526,2.30E-06,0.089,-7.372,0.036,76.447,0.338,Blues
744,82,2.10E-03,0.592,3.30E+05,0.767,1.65E-03,0.127,-2.788,0.027,96.483,0.328,Rock
745,45,3.47E-01,0.741,2.90E+05,0.724,3.25E-02,0.305,-4.674,0.04,91.017,0.607,Jazz
746,32,4.09E-01,0.528,1.45E+05,0.566,8.74E-01,0.096,-10.951,0.038,149.885,0.482,Anime
747,21,1.12E-03,0.626,2.12E+05,0.881,1.07E-05,0.254,-4.835,0.035,128.045,0.75,Anime
748,36,4.12E-02,0.578,2.14E+05,0.826,1.13E-04,0.343,-5.042,0.03,120.98,0.534,Country
749,58,2.35E-03,0.334,3.98E+05,0.854,1.14E-03,0.158,-7.531,0.049,100.175,0.284,Rock
750,56,1.21E-02,0.517,1.87E+05,0.743,0.00E+00,0.166,-6.152,0.081,150.134,0.371,Rock
751,38,1.02E-03,0.467,2.29E+05,0.973,3.57E-02,0.053,-1.236,0.143,93.153,0.445,Anime
752,26,3.79E-01,0.57,2.82E+05,0.949,3.51E-01,0.093,-3.529,0.118,120.406,0.807,Blues
753,59,2.28E-01,0.573,2.34E+05,0.656,0.00E+00,0.065,-5.954,0.056,81.952,0.668,Rock
754,71,2.90E-03,0.736,-1.00E+00,0.711,2.75E-04,0.095,-5.503,0.035,112.309,0.719,Rock
755,41,2.18E-01,0.729,-1.00E+00,0.666,3.20E-04,0.34,-10.212,0.03,120.296,0.882,Country
756,59,2.93E-01,0.786,2.49E+05,0.625,0.00E+00,0.15,-4.194,0.054,123.983,0.216,Hip-Hop
757,57,4.05E-01,0.584,1.99E+05,0.74,4.15E-06,0.569,-6.313,0.242,62.916,0.33,Rock
758,73,5.06E-01,0.744,3.28E+05,0.545,9.77E-02,0.065,-9.361,0.03,97.409,0.346,Rock
759,29,3.01E-01,0.511,2.96E+05,0.699,0.00E+00,0.088,-4.485,0.037,120.406,0.496,Anime
760,40,3.73E-01,0.699,2.17E+05,0.681,0.00E+00,0.274,-4.983,0.031,131.99,0.806,Country
761,57,9.13E-01,0.356,1.79E+05,0.26,2.10E-06,0.105,-10.577,0.031,144.184,0.49,Rock
762,66,6.23E-01,0.752,2.33E+05,0.543,7.06E-02,0.107,-9.483,0.04,126.001,0.282,Rock
763,30,2.19E-03,0.497,1.29E+05,0.92,8.14E-01,0.16,-3.098,0.049,82.87,0.663,Blues
764,48,2.03E-01,0.673,2.13E+05,0.838,8.80E-06,0.105,-5.922,0.314,168.114,0.872,Hip-Hop
765,55,9.34E-02,0.602,2.48E+05,0.493,2.51E-03,0.28,-17.899,0.028,101.941,0.505,Rock
766,61,4.53E-01,0.508,2.13E+05,0.493,0.00E+00,0.241,-8.786,0.033,127.671,0.467,Country
767,58,5.15E-01,0.471,2.85E+05,0.357,3.63E-03,0.114,-11.333,0.028,138.255,0.278,Rock
768,28,9.35E-01,0.294,3.70E+04,0.349,5.81E-01,0.158,-17.519,0.048,155.418,0.03,Anime
769,32,7.92E-02,0.364,4.32E+05,0.752,1.57E-05,0.097,-5.623,0.1,173.715,0.636,Blues
770,49,4.62E-01,0.525,1.91E+05,0.882,0.00E+00,0.282,-8.624,0.039,120.406,0.964,Country
771,81,3.87E-01,0.836,-1.00E+00,0.621,9.16E-05,0.104,-4.685,0.089,101.995,0.762,Hip-Hop
772,54,5.35E-03,0.413,2.31E+05,0.885,1.97E-06,0.166,-7.695,0.078,113.807,0.211,Alternative
773,77,1.67E-01,0.491,1.89E+05,0.867,0.00E+00,0.458,-2.313,0.103,167.965,0.602,Rock
774,61,5.87E-05,0.248,3.11E+05,0.988,8.40E-01,0.323,-3.74,0.144,120.406,0.149,Rock
775,50,6.14E-01,0.749,-1.00E+00,0.246,1.38E-04,0.097,-12.847,0.038,132.153,0.308,Rock
776,72,6.05E-01,0.669,2.31E+05,0.389,1.60E-01,0.09,-11.547,0.031,130.015,0.649,Rock
777,56,4.07E-02,0.569,1.79E+05,0.625,1.13E-02,0.536,-7.429,0.027,120.406,0.502,Rock
778,54,3.14E-04,0.503,1.77E+05,0.741,5.74E-01,0.44,-5.672,0.036,120.998,0.544,Rock
779,37,3.83E-02,0.594,2.10E+05,0.735,0.00E+00,0.13,-5.408,0.052,121.947,0.752,Country
780,56,6.54E-01,0.529,-1.00E+00,0.343,5.97E-05,0.121,-16.192,0.044,153.466,0.661,Rock
781,52,6.94E-01,0.771,2.53E+05,0.458,1.37E-04,0.078,-7.652,0.033,109.089,0.707,Jazz
782,62,4.72E-01,0.757,2.01E+05,0.614,0.00E+00,0.161,-6.828,0.126,90.523,0.616,Alternative
783,61,7.96E-01,0.459,2.69E+05,0.317,0.00E+00,0.126,-6.856,0.028,137.748,0.297,Rock
784,75,6.26E-02,0.36,2.64E+05,0.505,9.22E-05,0.172,-9.129,0.026,74.807,0.317,Rock
785,55,1.52E-02,0.63,2.13E+05,0.691,0.00E+00,0.303,-4.334,0.031,93.014,0.261,Rock
786,41,1.80E-02,0.482,1.73E+05,0.864,0.00E+00,0.074,-4.04,0.095,185.736,0.771,Alternative
787,67,3.38E-01,0.633,-1.00E+00,0.559,0.00E+00,0.262,-5.135,0.313,114.983,0.473,Rock
788,54,2.67E-01,0.467,3.04E+05,0.561,3.02E-06,0.132,-6.787,0.026,81.303,0.493,Rock
789,27,1.82E-02,0.35,1.85E+05,0.658,3.79E-06,0.073,-6.553,0.057,156.295,0.593,Blues
790,60,6.02E-03,0.634,2.37E+05,0.845,5.29E-06,0.06,-5.058,0.352,94,0.929,Rap
791,60,7.61E-04,0.512,2.42E+05,0.933,0.00E+00,0.342,-4.759,0.074,92.998,0.465,Rock
792,35,9.59E-01,0.067,2.27E+05,0.034,8.85E-01,0.09,-26.563,0.047,120.406,0.038,Classical
793,30,1.45E-02,0.519,2.35E+05,0.576,3.92E-01,0.201,-7.705,0.029,139.981,0.116,Electronic
794,79,1.49E-02,0.921,1.91E+05,0.467,2.38E-04,0.334,-8.443,0.119,135.995,0.287,Rap
795,52,9.11E-02,0.433,2.55E+05,0.675,2.93E-01,0.159,-6.702,0.034,137.268,0.184,Alternative
796,57,6.68E-05,0.448,2.43E+05,0.974,3.91E-04,0.119,-2.919,0.12,137.96,0.224,Rock
797,55,6.98E-03,0.581,2.34E+05,0.566,2.93E-06,0.097,-8.169,0.036,83.904,0.449,Rock
798,62,3.54E-01,0.715,-1.00E+00,0.775,0.00E+00,0.144,-6.613,0.043,106.013,0.803,Rock
799,40,9.66E-01,0.716,2.19E+05,0.404,9.09E-01,0.107,-13.79,0.044,96.979,0.565,Electronic
800,67,2.99E-01,0.575,2.04E+05,0.684,0.00E+00,0.614,-6.007,0.325,172.155,0.926,Hip-Hop
801,50,9.81E-01,0.228,4.41E+05,0.498,8.64E-01,0.704,-20.596,0.053,79.023,0.358,Classical
802,64,1.63E-04,0.408,1.97E+05,0.817,3.00E-02,0.403,-4.59,0.076,120.406,0.288,Rock
803,75,3.64E-02,0.454,2.13E+05,0.66,0.00E+00,0.181,-4.357,0.168,184.353,0.568,Rock
804,54,9.87E-01,0.281,1.73E+05,0.369,9.64E-01,0.274,-16.022,0.036,76.155,0.211,Rock
805,21,7.32E-01,0.231,-1.00E+00,0.041,8.23E-02,0.605,-29.209,0.056,75.319,0.164,Classical
806,34,5.66E-01,0.57,4.68E+05,0.291,2.83E-02,0.045,-13.953,0.043,106.247,0.423,Jazz
807,50,1.02E-01,0.307,3.67E+05,0.407,5.71E-02,0.103,-8.25,0.028,90.255,0.043,Alternative
808,56,6.01E-02,0.559,2.59E+05,0.343,1.38E-01,0.1,-13.072,0.042,120.406,0.183,Rock
809,33,1.37E-01,0.472,2.20E+05,0.815,5.06E-05,0.261,-9.725,0.048,131.547,0.593,Blues
810,50,6.66E-01,0.624,3.70E+05,0.511,2.04E-01,0.066,-10.746,0.028,144.049,0.713,Rock
811,54,5.45E-05,0.483,2.50E+05,0.962,9.61E-06,0.273,-2.93,0.107,88.003,0.459,Alternative
812,38,1.33E-02,0.576,2.01E+05,0.869,0.00E+00,0.14,-4.624,0.05,80.98,0.809,Country
813,50,3.66E-01,0.542,-1.00E+00,0.566,5.14E-06,0.098,-5.99,0.056,153.479,0.408,Country
814,74,3.11E-01,0.644,1.77E+05,0.501,0.00E+00,0.106,-8.959,0.492,129.828,0.173,Rap
815,19,3.86E-01,0.666,2.53E+05,0.841,0.00E+00,0.13,-5.509,0.026,138.029,0.512,Anime
816,68,6.06E-05,0.451,1.94E+05,0.815,0.00E+00,0.27,-5.55,0.037,147.974,0.618,Rap
817,28,8.59E-01,0.574,1.85E+05,0.284,0.00E+00,0.114,-9.087,0.036,68.07,0.672,Blues
818,51,2.36E-02,0.47,1.45E+05,0.564,3.89E-06,0.103,-9.241,0.216,122.111,0.408,Rap
819,51,4.88E-04,0.488,1.88E+05,0.879,1.19E-06,0.14,-3.329,0.039,86.986,0.557,Rock
820,59,4.50E-02,0.624,2.00E+05,0.548,1.70E-04,0.11,-6.658,0.032,91.973,0.367,Rock
821,65,6.64E-01,0.582,2.16E+05,0.443,0.00E+00,0.07,-7.816,0.044,78.071,0.452,Alternative
822,67,9.99E-02,0.403,2.41E+05,0.777,3.28E-06,0.124,-6.416,0.035,76.329,0.149,Rock
823,20,9.18E-04,0.167,-1.00E+00,0.461,7.93E-01,0.113,-10.65,0.033,87.03,0.103,Anime
824,65,4.31E-01,0.566,2.34E+05,0.766,0.00E+00,0.101,-5.036,0.04,120.406,0.547,Rock
825,63,2.69E-01,0.45,2.97E+05,0.356,5.15E-01,0.094,-13.692,0.034,179.937,0.084,Rock
826,50,1.10E-02,0.672,1.74E+05,0.5,1.20E-02,0.287,-18.39,0.044,105.357,0.962,Country
827,45,9.99E-04,0.338,5.55E+05,0.812,1.39E-04,0.11,-4.816,0.035,160.03,0.317,Alternative
828,36,8.65E-01,0.124,1.80E+05,0.309,8.00E-01,0.103,-15.882,0.035,63.827,0.08,Classical
829,56,6.32E-02,0.705,2.42E+05,0.75,0.00E+00,0.146,-4.558,0.052,77.817,0.392,Rap
830,51,2.14E-01,0.606,1.97E+05,0.848,7.14E-05,0.111,-5.726,0.036,132.004,0.49,Country
831,63,4.07E-01,0.759,2.21E+05,0.779,6.10E-02,0.159,-9.375,0.035,128.211,0.918,Rock
832,48,1.61E-01,0.481,2.34E+05,0.571,4.94E-03,0.357,-8.582,0.03,167.634,0.634,Rock
833,52,3.47E-04,0.39,2.72E+05,0.828,1.44E-01,0.128,-5.453,0.028,81.861,0.554,Rock
834,59,5.07E-01,0.581,1.16E+05,0.821,0.00E+00,0.108,-4.387,0.032,136.145,0.968,Rock
835,69,4.68E-03,0.499,1.34E+05,0.873,0.00E+00,0.165,-3.902,0.039,142.726,0.864,Rock
836,37,9.88E-01,0.668,2.06E+05,0.243,2.96E-02,0.108,-11.664,0.054,74.258,0.668,Jazz
837,66,2.19E-01,0.701,1.44E+05,0.261,0.00E+00,0.082,-19.846,0.094,97.042,0.89,Alternative
838,47,1.76E-01,0.809,1.49E+05,0.701,0.00E+00,0.184,-12.484,0.057,105.696,0.563,Blues
839,50,7.49E-02,0.791,3.08E+05,0.535,1.96E-06,0.156,-13.261,0.035,127.488,0.963,Blues
840,66,1.88E-01,0.69,1.90E+05,0.798,0.00E+00,0.111,-3.347,0.039,92.967,0.645,Rock
841,64,6.94E-01,0.61,2.17E+05,0.59,2.32E-06,0.15,-7.325,0.036,137.838,0.352,Rock
842,59,7.04E-01,0.178,-1.00E+00,0.981,7.45E-05,0.854,-1.743,0.162,88.21,0.369,Alternative
843,61,5.34E-02,0.462,-1.00E+00,0.628,2.50E-04,0.12,-5.659,0.027,140.049,0.098,Rock
844,64,4.82E-06,0.55,2.53E+05,0.765,8.73E-01,0.132,-8.684,0.029,120.406,0.417,Rock
845,56,2.36E-02,0.705,2.74E+05,0.584,0.00E+00,0.176,-6.397,0.396,71.666,0.35,Rap
846,55,1.31E-01,0.567,2.91E+05,0.569,1.10E-02,0.071,-11.963,0.034,109.293,0.75,Rock
847,50,7.22E-02,0.557,1.84E+05,0.901,3.11E-03,0.14,-6.311,0.038,93.98,0.357,Rock
848,66,1.06E-01,0.66,2.00E+05,0.799,0.00E+00,0.154,-4.644,0.1,125.966,0.475,Rock
849,50,1.33E-02,0.444,2.47E+05,0.609,0.00E+00,0.064,-11.19,0.037,124.005,0.78,Rock
850,60,7.19E-01,0.346,1.88E+05,0.637,2.03E-05,0.263,-4.919,0.04,186.836,0.297,Rock
851,62,9.63E-03,0.639,2.46E+05,0.903,7.06E-05,0.174,-5.013,0.037,135.938,0.96,Rock
852,68,2.65E-03,0.553,1.73E+05,0.917,9.91E-03,0.07,-8.806,0.091,101.798,0.781,Rock
853,58,1.92E-03,0.49,2.05E+05,0.699,6.45E-06,0.111,-5.55,0.029,85.955,0.364,Rock
854,66,9.41E-03,0.553,2.08E+05,0.837,0.00E+00,0.372,-5.608,0.045,140.495,0.432,Rock
855,31,9.01E-01,0.299,-1.00E+00,0.182,9.39E-01,0.429,-17.152,0.039,136.472,0.127,Classical
856,47,7.92E-02,0.73,2.64E+05,0.543,5.59E-01,0.11,-8.418,0.064,166.024,0.796,Jazz
857,74,1.76E-01,0.714,2.22E+05,0.735,6.22E-04,0.115,-7.125,0.031,123.57,0.68,Rock
858,52,7.06E-03,0.572,2.15E+05,0.868,0.00E+00,0.121,-4.833,0.047,118.011,0.248,Rock
859,33,9.90E-01,0.393,-1.00E+00,0.112,9.24E-01,0.123,-24.031,0.035,139.968,0.487,Classical
860,53,2.89E-04,0.44,2.22E+05,0.74,5.43E-04,0.13,-6.422,0.038,162.095,0.337,Rock
861,62,4.10E-02,0.576,2.66E+05,0.659,0.00E+00,0.059,-5.617,0.038,94.853,0.717,Rock
862,52,2.71E-02,0.691,2.22E+05,0.754,7.19E-02,0.881,-8.136,0.037,144.085,0.924,Rock
863,56,2.45E-01,0.876,1.27E+05,0.807,0.00E+00,0.125,-4.466,0.18,135.754,0.691,Hip-Hop
864,50,1.27E-01,0.458,2.02E+05,0.805,0.00E+00,0.664,-5.465,0.16,143.755,0.282,Hip-Hop
865,68,1.20E-01,0.665,1.69E+05,0.782,4.19E-06,0.125,-8.438,0.031,137.453,0.731,Rock
866,57,9.68E-01,0.573,1.16E+05,0.235,1.98E-02,0.105,-16.982,0.043,79.578,0.834,Rock
867,67,3.44E-01,0.489,1.76E+05,0.637,0.00E+00,0.176,-5.014,0.04,170.157,0.345,Rock
868,47,9.74E-02,0.498,2.15E+05,0.88,0.00E+00,0.341,-5.098,0.038,76.007,0.764,Country
869,44,8.48E-04,0.726,-1.00E+00,0.892,1.44E-04,0.831,-2.278,0.056,120.1,0.334,Electronic
870,60,1.37E-05,0.511,2.52E+05,0.952,2.01E-03,0.135,-4.243,0.075,147.999,0.557,Rock
871,47,3.82E-03,0.583,2.25E+05,0.921,4.59E-01,0.226,-8.38,0.07,125.98,0.222,Rock
872,45,7.84E-01,0.56,2.15E+05,0.204,0.00E+00,0.109,-15.395,0.045,120.138,0.282,Alternative
873,38,3.28E-01,0.444,3.37E+05,0.54,1.27E-02,0.08,-11.003,0.216,120.406,0.287,Jazz
874,45,6.63E-01,0.665,2.98E+05,0.634,9.77E-05,0.127,-7.811,0.21,93.05,0.43,Jazz
875,13,5.88E-02,0.523,2.30E+05,0.843,5.59E-04,0.132,-3.988,0.033,120.406,0.494,Anime
876,62,7.11E-02,0.753,1.93E+05,0.594,0.00E+00,0.391,-9.486,0.082,112.568,0.562,Rap
877,33,1.25E-01,0.726,3.34E+05,0.497,8.90E-01,0.104,-10.742,0.043,125.004,0.459,Electronic
878,39,3.78E-01,0.927,1.95E+05,0.418,2.43E-06,0.117,-5.181,0.045,101.032,0.921,Jazz
879,33,8.29E-01,0.218,3.72E+05,0.244,9.30E-01,0.129,-16.472,0.04,83.739,0.06,Classical
880,58,2.08E-02,0.808,2.21E+05,0.726,2.76E-01,0.129,-8.435,0.252,96.12,0.616,Alternative
881,49,1.21E-02,0.3,1.81E+05,0.965,7.42E-04,0.687,-6.724,0.043,178.963,0.793,Country
882,34,4.28E-01,0.512,6.44E+05,0.64,4.47E-03,0.693,-12.263,0.076,159.814,0.411,Jazz
883,68,6.57E-05,0.532,-1.00E+00,0.889,7.06E-03,0.094,-5.474,0.054,93.994,0.508,Rock
884,39,9.63E-01,0.474,4.99E+05,0.043,9.35E-01,0.11,-25.246,0.04,129.786,0.145,Jazz
885,57,2.28E-03,0.539,2.57E+05,0.786,1.79E-05,0.121,-4.884,0.027,88.969,0.503,Country
886,56,3.75E-01,0.677,2.55E+05,0.403,2.69E-04,0.059,-9.457,0.029,120.406,0.568,Rock
887,56,2.52E-01,0.873,1.81E+05,0.872,0.00E+00,0.335,-0.883,0.17,97.978,0.683,Hip-Hop
888,33,1.66E-03,0.495,-1.00E+00,0.534,1.17E-04,0.089,-7.347,0.025,92.997,0.182,Country
889,68,8.30E-02,0.503,-1.00E+00,0.824,0.00E+00,0.21,-4.039,0.052,161.981,0.448,Rock
890,35,4.97E-02,0.669,1.90E+05,0.793,4.86E-05,0.142,-6.898,0.153,127.994,0.439,Electronic
891,61,4.26E-01,0.702,2.37E+05,0.901,1.53E-03,0.037,-4.45,0.026,97.862,0.919,Rock
892,55,1.52E-01,0.555,-1.00E+00,0.726,1.78E-04,0.148,-8.939,0.037,107.719,0.505,Rock
893,54,1.49E-01,0.738,2.58E+05,0.879,0.00E+00,0.102,-4.444,0.245,90.338,0.893,Rap
894,28,1.21E-01,0.365,3.34E+05,0.676,7.01E-01,0.478,-8.7,0.112,149.22,0.599,Blues
895,53,2.66E-02,0.776,1.45E+05,0.897,0.00E+00,0.169,-3.96,0.142,100.14,0.499,Rap
896,51,3.08E-01,0.448,1.98E+05,0.627,0.00E+00,0.159,-5.657,0.047,149.756,0.37,Electronic
897,50,2.87E-03,0.517,2.60E+05,0.561,0.00E+00,0.556,-5.364,0.035,139.959,0.149,Alternative
898,60,6.88E-02,0.626,-1.00E+00,0.527,2.14E-04,0.372,-9.371,0.109,151.657,0.227,Alternative
899,60,5.82E-01,0.421,1.87E+05,0.407,7.75E-01,0.117,-10.732,0.078,80.748,0.238,Alternative
900,62,2.44E-02,0.564,1.68E+05,0.668,1.15E-05,0.168,-6.578,0.044,79.99,0.32,Rock
901,64,6.64E-01,0.403,2.13E+05,0.45,7.57E-06,0.095,-6.314,0.03,147.694,0.116,Rock
902,42,9.03E-01,0.449,1.37E+05,0.174,0.00E+00,0.124,-12.56,0.029,120.406,0.288,Country
903,55,1.34E-02,0.655,2.17E+05,0.626,0.00E+00,0.349,-7.155,0.045,134.028,0.498,Alternative
904,77,3.23E-01,0.606,1.83E+05,0.652,0.00E+00,0.201,-6.982,0.028,97.155,0.476,Rock
905,41,9.37E-01,0.358,2.55E+05,0.225,1.34E-06,0.087,-8.217,0.035,120.406,0.487,Jazz
906,58,3.18E-01,0.492,3.57E+05,0.928,1.07E-01,0.087,-2.261,0.05,127.995,0.312,Rock
907,59,3.12E-02,0.473,3.12E+05,0.691,4.04E-03,0.147,-7.984,0.025,120.406,0.421,Rock
908,53,7.75E-01,0.435,-1.00E+00,0.384,9.20E-01,0.119,-14.024,0.029,159.092,0.171,Rock
909,64,8.79E-02,0.428,2.28E+05,0.429,4.10E-04,0.168,-6.06,0.049,127.173,0.182,Rock
910,59,1.93E-02,0.691,3.06E+05,0.96,0.00E+00,0.063,-1.616,0.198,157.02,0.645,Rap
911,62,2.73E-03,0.449,2.11E+05,0.971,0.00E+00,0.141,-3.66,0.048,144.031,0.414,Rap
912,2,4.98E-01,0.539,5.51E+04,0.453,8.75E-01,0.106,-21.199,0.068,82.184,0.764,Jazz
913,67,6.62E-02,0.816,3.08E+05,0.813,2.77E-06,0.602,-7.798,0.066,127.979,0.436,Rap
914,55,2.45E-01,0.667,2.74E+05,0.647,2.97E-04,0.063,-7.787,0.049,143.995,0.3,Rock
915,48,5.29E-06,0.368,2.03E+05,0.939,8.98E-01,0.082,-3.65,0.038,84.08,0.615,Alternative
916,63,5.91E-06,0.382,2.98E+05,0.867,5.81E-01,0.196,-7.426,0.04,87.309,0.453,Rock
917,57,2.18E-02,0.456,2.58E+05,0.508,0.00E+00,0.237,-14.339,0.04,120.406,0.553,Rock
918,50,5.71E-02,0.681,-1.00E+00,0.747,2.12E-06,0.171,-5.731,0.033,106.977,0.282,Country
919,56,4.34E-02,0.8,1.39E+05,0.672,0.00E+00,0.141,-7.925,0.32,76.023,0.871,Rap
920,68,5.14E-01,0.458,3.43E+05,0.486,0.00E+00,0.574,-8.147,0.026,72.484,0.363,Rock
921,46,8.66E-01,0.47,3.21E+05,0.22,1.07E-06,0.113,-11.727,0.043,156.109,0.349,Alternative
922,40,7.02E-01,0.674,2.47E+05,0.528,1.63E-05,0.08,-6.939,0.045,88.105,0.955,Jazz
923,42,6.66E-01,0.656,1.87E+05,0.707,0.00E+00,0.17,-3.841,0.029,126.057,0.473,Country
924,63,7.63E-01,0.784,2.00E+05,0.459,1.28E-06,0.068,-10.446,0.03,106.957,0.931,Rock
925,52,1.08E-01,0.397,2.24E+05,0.507,1.18E-01,0.109,-11.766,0.036,117.971,0.343,Rock
926,46,7.60E-04,0.505,2.23E+05,0.755,7.25E-02,0.348,-7.568,0.032,157.993,0.532,Electronic
927,21,9.33E-01,0.16,5.12E+05,0.074,7.61E-01,0.079,-22.592,0.041,120.406,0.076,Classical
928,50,5.06E-02,0.502,2.11E+05,0.78,5.18E-04,0.09,-5.271,0.034,78.99,0.383,Country
929,51,4.91E-01,0.617,1.41E+05,0.656,7.84E-06,0.08,-8.023,0.304,84.712,0.475,Rock
930,49,5.33E-02,0.486,-1.00E+00,0.995,2.98E-04,0.674,-3.611,0.064,117.26,0.142,Hip-Hop
931,58,1.96E-02,0.439,2.47E+05,0.908,5.40E-03,0.137,-4.08,0.065,120.406,0.351,Rock
932,62,9.85E-01,0.657,8.69E+04,0.431,0.00E+00,0.149,-11.147,0.541,83.509,0.935,Hip-Hop
933,58,8.80E-01,0.309,2.41E+05,0.179,3.46E-04,0.117,-17.077,0.034,121.498,0.167,Rock
934,64,3.03E-01,0.399,4.45E+05,0.467,1.86E-02,0.124,-11.763,0.028,120.406,0.525,Rock
935,66,3.04E-02,0.579,2.32E+05,0.727,1.99E-05,0.172,-4.872,0.033,170.593,0.885,Rock
936,49,9.46E-02,0.419,2.81E+05,0.748,1.74E-04,0.092,-8.142,0.052,85.02,0.417,Rock
937,56,1.53E-01,0.731,-1.00E+00,0.488,4.44E-06,0.063,-7.256,0.054,93.981,0.465,Hip-Hop
938,69,2.99E-01,0.726,2.11E+05,0.665,0.00E+00,0.179,-5.611,0.072,104.239,0.807,Hip-Hop
939,44,2.63E-01,0.841,2.94E+05,0.835,0.00E+00,0.108,-6.191,0.308,133.024,0.702,Hip-Hop
940,40,1.09E-01,0.797,2.84E+05,0.555,1.90E-04,0.065,-12.692,0.038,114.746,0.881,Jazz
941,32,5.80E-04,0.664,-1.00E+00,0.83,1.13E-01,0.339,-5.021,0.046,94.812,0.906,Electronic
942,62,2.08E-02,0.575,2.50E+05,0.478,1.11E-05,0.144,-5.517,0.031,125.968,0.297,Rock
943,72,4.11E-01,0.673,2.15E+05,0.395,5.46E-03,0.122,-8.639,0.123,170.074,0.137,Rap
944,53,1.57E-02,0.663,2.13E+05,0.777,8.29E-03,0.075,-5.496,0.037,143.003,0.94,Rock
945,38,4.83E-03,0.638,2.56E+05,0.427,2.48E-06,0.146,-12.994,0.076,169.831,0.543,Country
946,57,1.80E-04,0.448,2.03E+05,0.927,6.76E-03,0.082,-3.244,0.061,174.079,0.687,Rock
947,31,1.14E-05,0.294,2.54E+05,0.921,8.04E-05,0.08,-4.165,0.081,184.78,0.241,Classical
948,43,1.63E-01,0.81,3.51E+05,0.59,6.00E-02,0.096,-7.421,0.047,120.017,0.662,Jazz
949,24,1.10E-01,0.626,3.68E+05,0.994,4.15E-02,0.304,-2.849,0.08,129.993,0.475,Anime
950,57,2.98E-01,0.407,3.07E+05,0.411,9.35E-01,0.096,-11.733,0.035,100.01,0.072,Rock
951,44,4.62E-02,0.676,1.95E+05,0.788,0.00E+00,0.173,-5.757,0.099,120.406,0.384,Country
952,56,2.38E-02,0.655,3.14E+05,0.694,0.00E+00,0.034,-5.184,0.033,96.458,0.431,Rock
953,48,1.74E-01,0.843,3.05E+05,0.668,6.66E-05,0.096,-7.236,0.037,125.028,0.378,Country
954,50,1.88E-01,0.766,2.61E+05,0.526,0.00E+00,0.074,-6.228,0.233,136.105,0.568,Rap
955,65,1.14E-01,0.491,-1.00E+00,0.482,2.78E-06,0.626,-6.564,0.028,112.704,0.407,Rock
956,31,7.39E-01,0.565,2.61E+05,0.393,8.45E-04,0.143,-9.309,0.024,75.537,0.229,Anime
957,23,3.61E-05,0.42,2.14E+05,0.935,1.21E-01,0.065,-3.63,0.043,120.406,0.682,Anime
958,70,5.69E-03,0.724,1.64E+05,0.591,2.49E-02,0.083,-5.696,0.068,107.944,0.633,Rock
959,61,1.48E-01,0.701,4.62E+05,0.788,6.25E-01,0.098,-5.611,0.043,142.584,0.795,Rock
960,33,1.76E-01,0.615,2.65E+05,0.526,1.28E-02,0.127,-7.503,0.028,155.972,0.383,Jazz
961,67,1.02E-02,0.68,2.34E+05,0.536,1.05E-03,0.113,-6.669,0.058,119.958,0.417,Rock
962,65,8.58E-01,0.654,1.34E+05,0.336,3.85E-01,0.079,-12.825,0.038,176.083,0.947,Rock
963,62,2.70E-02,0.521,1.92E+05,0.901,6.51E-02,0.108,-5.518,0.067,131.182,0.817,Rock
964,64,6.06E-05,0.451,1.94E+05,0.815,0.00E+00,0.27,-5.55,0.037,147.974,0.618,Alternative
965,26,6.05E-02,0.348,3.13E+05,0.676,1.18E-03,0.948,-8.054,0.034,120.406,0.482,Blues
966,56,1.69E-01,0.669,3.29E+05,0.662,0.00E+00,0.345,-7.758,0.045,94.531,0.471,Rap
967,50,5.71E-04,0.183,-1.00E+00,0.984,1.84E-05,0.288,-2.654,0.186,182.41,0.36,Alternative
968,53,1.74E-01,0.676,2.66E+05,0.379,7.20E-03,0.062,-19.42,0.031,115.237,0.818,Rock
969,44,1.01E-02,0.698,2.13E+05,0.676,2.57E-05,0.112,-11.717,0.028,116.486,0.961,Country
970,47,3.26E-01,0.699,1.47E+05,0.59,0.00E+00,0.108,-4.952,0.215,144.88,0.812,Alternative
971,57,1.75E-01,0.541,1.75E+05,0.662,0.00E+00,0.08,-7.196,0.038,144.046,0.742,Rock
972,55,4.25E-01,0.705,-1.00E+00,0.811,6.15E-05,0.126,-5.201,0.029,91.974,0.519,Rock
973,53,9.30E-03,0.329,2.76E+05,0.646,4.69E-03,0.101,-6.962,0.028,173.974,0.471,Rock
974,54,4.89E-02,0.332,2.14E+05,0.731,3.47E-03,0.178,-4.565,0.045,90.028,0.636,Rock
975,62,9.62E-05,0.623,1.62E+05,0.983,6.17E-02,0.261,-3.548,0.151,134.975,0.271,Rock
976,51,3.37E-01,0.563,2.12E+05,0.497,2.73E-03,0.162,-7.595,0.035,169.977,0.561,Rock
977,54,1.73E-04,0.521,2.06E+05,0.919,2.18E-03,0.301,-3.146,0.048,131.726,0.746,Rock
978,69,1.30E-02,0.649,2.09E+05,0.888,2.23E-06,0.089,-4.807,0.029,100.975,0.553,Alternative
979,49,5.53E-01,0.681,2.66E+05,0.447,4.36E-06,0.122,-8.83,0.048,99.418,0.746,Rock
980,56,2.71E-01,0.578,2.55E+05,0.738,0.00E+00,0.065,-4.109,0.043,81.962,0.352,Rock
981,35,2.39E-01,0.556,1.98E+05,0.867,0.00E+00,0.087,-4.904,0.032,133.073,0.81,Blues
982,53,5.41E-02,0.651,2.70E+05,0.875,9.84E-03,0.025,-4.349,0.041,92.022,0.83,Rock
983,54,3.99E-02,0.575,1.78E+05,0.985,0.00E+00,0.166,-1.038,0.074,120.406,0.476,Rock
984,51,1.47E-01,0.44,2.01E+05,0.649,0.00E+00,0.105,-8.465,0.092,187.783,0.405,Rock
985,79,2.96E-01,0.623,1.91E+05,0.417,0.00E+00,0.135,-8.699,0.035,130.032,0.721,Rock
986,64,2.72E-03,0.235,2.27E+05,0.86,9.69E-02,0.388,-2.842,0.056,127.788,0.342,Rock
987,39,8.10E-01,0.478,2.14E+05,0.395,0.00E+00,0.346,-11.674,0.031,136.467,0.616,Country
988,25,9.73E-01,0.071,2.57E+05,0.017,3.50E-01,0.073,-26.569,0.05,77.78,0.031,Classical
989,58,1.98E-02,0.467,1.85E+05,0.815,1.23E-06,0.118,-7.929,0.052,140.047,0.335,Rock
990,21,9.88E-01,0.613,-1.00E+00,0.213,1.28E-03,0.138,-13.443,0.06,102.223,0.71,Blues
991,25,9.59E-01,0.463,3.52E+05,0.039,7.26E-01,0.106,-16.647,0.073,77.222,0.098,Blues
992,65,1.95E-01,0.606,1.73E+05,0.805,8.81E-06,0.109,-5.399,0.214,120.406,0.725,Rock
993,58,1.61E-01,0.416,2.12E+05,0.53,1.34E-06,0.108,-8.182,0.025,102.029,0.379,Rock
994,53,3.73E-01,0.649,2.14E+05,0.788,0.00E+00,0.108,-7.029,0.053,120.406,0.736,Rock
995,65,9.83E-04,0.531,2.16E+05,0.855,0.00E+00,0.072,-4.95,0.035,124.578,0.424,Rock
996,38,3.32E-02,0.608,2.19E+05,0.938,0.00E+00,0.31,-2.681,0.287,134.198,0.436,Electronic
997,56,5.79E-03,0.939,1.45E+05,0.373,0.00E+00,0.274,-7.779,0.227,119.953,0.06,Rap
998,64,2.50E-01,0.546,1.78E+05,0.631,0.00E+00,0.123,-5.757,0.028,129.556,0.569,Rock
999,61,7.25E-02,0.641,-1.00E+00,0.792,5.13E-01,0.175,-6.453,0.027,87.069,0.67,Rock
